epoch,symbol,price
1768182378,R_10,5789.486
1768182380,R_10,5789.415
1768182382,R_10,5789.464
1768182384,R_10,5789.705
1768182386,R_10,5789.991
1768182388,R_10,5789.732
1768182390,R_10,5789.784
1768182392,R_10,5789.986
1768182394,R_10,5789.947
1768182396,R_10,5789.846
1768182398,R_10,5789.874
1768182400,R_10,5790.093
1768182402,R_10,5790.144
1768182404,R_10,5790.107
1768182406,R_10,5790.137
1768182408,R_10,5789.98
1768182410,R_10,5790.108
1768182412,R_10,5790.114
1768182414,R_10,5789.929
1768182416,R_10,5790.075
1768182418,R_10,5790.097
1768182420,R_10,5790.167
1768182422,R_10,5790.165
1768182424,R_10,5790.087
1768182426,R_10,5790.156
1768182428,R_10,5790.183
1768182430,R_10,5790.042
1768182432,R_10,5790.068
1768182434,R_10,5790.071
1768182436,R_10,5789.958
1768182438,R_10,5789.92
1768182440,R_10,5790.071
1768182442,R_10,5790.066
1768182444,R_10,5789.912
1768182446,R_10,5790.061
1768182448,R_10,5789.959
1768182450,R_10,5790.106
1768182452,R_10,5790.252
1768182454,R_10,5790.445
1768182456,R_10,5790.471
1768182458,R_10,5790.427
1768182460,R_10,5790.307
1768182462,R_10,5790.002
1768182464,R_10,5790.019
1768182466,R_10,5790.161
1768182468,R_10,5790.167
1768182470,R_10,5790.378
1768182472,R_10,5790.567
1768182474,R_10,5790.584
1768182476,R_10,5790.396
1768182478,R_10,5790.429
1768182480,R_10,5790.44
1768182482,R_10,5790.412
1768182484,R_10,5790.278
1768182486,R_10,5790.303
1768182488,R_10,5790.403
1768182490,R_10,5790.301
1768182492,R_10,5790.581
1768182494,R_10,5790.87
1768182496,R_10,5791.028
1768182498,R_10,5791.075
1768182500,R_10,5791.161
1768182502,R_10,5791.013
1768182504,R_10,5790.763
1768182506,R_10,5790.552
1768182508,R_10,5790.653
1768182510,R_10,5790.46
1768182512,R_10,5790.286
1768182514,R_10,5790.199
1768182516,R_10,5790.219
1768182518,R_10,5790.272
1768182520,R_10,5790.214
1768182522,R_10,5790.092
1768182524,R_10,5789.811
1768182526,R_10,5789.688
1768182528,R_10,5789.699
1768182530,R_10,5789.61
1768182532,R_10,5789.589
1768182534,R_10,5789.909
1768182536,R_10,5789.766
1768182538,R_10,5789.738
1768182540,R_10,5789.443
1768182542,R_10,5789.436
1768182544,R_10,5789.365
1768182546,R_10,5789.381
1768182548,R_10,5789.412
1768182550,R_10,5789.278
1768182552,R_10,5789.15
1768182554,R_10,5789.144
1768182556,R_10,5789.141
1768182558,R_10,5789.04
1768182560,R_10,5788.996
1768182562,R_10,5788.853
1768182564,R_10,5788.613
1768182566,R_10,5788.519
1768182568,R_10,5788.309
1768182570,R_10,5788.487
1768182572,R_10,5788.378
1768182574,R_10,5788.516
1768182576,R_10,5788.63
1768182578,R_10,5788.738
1768182580,R_10,5788.736
1768182582,R_10,5788.646
1768182584,R_10,5788.757
1768182586,R_10,5788.833
1768182588,R_10,5788.974
1768182590,R_10,5788.925
1768182592,R_10,5788.839
1768182594,R_10,5788.889
1768182596,R_10,5788.85
1768182598,R_10,5789.017
1768182600,R_10,5789.08
1768182602,R_10,5789.07
1768182604,R_10,5788.927
1768182606,R_10,5789.169
1768182608,R_10,5789.213
1768182610,R_10,5789.253
1768182612,R_10,5789.255
1768182614,R_10,5789.269
1768182616,R_10,5789.36
1768182618,R_10,5789.366
1768182620,R_10,5789.33
1768182622,R_10,5789.5
1768182624,R_10,5789.678
1768182626,R_10,5789.665
1768182628,R_10,5789.698
1768182630,R_10,5789.894
1768182632,R_10,5789.806
1768182634,R_10,5789.763
1768182636,R_10,5789.564
1768182638,R_10,5789.685
1768182640,R_10,5789.651
1768182642,R_10,5789.837
1768182644,R_10,5789.911
1768182646,R_10,5789.821
1768182648,R_10,5789.699
1768182650,R_10,5789.735
1768182652,R_10,5789.673
1768182654,R_10,5789.581
1768182656,R_10,5789.576
1768182658,R_10,5789.2
1768182660,R_10,5789.096
1768182662,R_10,5789.129
1768182664,R_10,5789.1
1768182666,R_10,5789.003
1768182668,R_10,5788.91
1768182670,R_10,5789.035
1768182672,R_10,5789.018
1768182674,R_10,5789.029
1768182676,R_10,5789.143
1768182678,R_10,5789.23
1768182680,R_10,5789.1
1768182682,R_10,5789.033
1768182684,R_10,5789.176
1768182686,R_10,5789.132
1768182688,R_10,5789.271
1768182690,R_10,5789.132
1768182692,R_10,5788.993
1768182694,R_10,5789.357
1768182696,R_10,5789.22
1768182698,R_10,5789.198
1768182700,R_10,5789.24
1768182702,R_10,5789.096
1768182704,R_10,5789.21
1768182706,R_10,5789.129
1768182708,R_10,5789.064
1768182710,R_10,5788.944
1768182712,R_10,5788.779
1768182714,R_10,5788.798
1768182716,R_10,5788.981
1768182718,R_10,5788.891
1768182720,R_10,5788.675
1768182722,R_10,5788.689
1768182724,R_10,5788.719
1768182726,R_10,5788.679
1768182728,R_10,5788.615
1768182730,R_10,5788.492
1768182732,R_10,5788.722
1768182734,R_10,5788.614
1768182736,R_10,5788.956
1768182738,R_10,5788.782
1768182740,R_10,5788.85
1768182742,R_10,5788.669
1768182744,R_10,5788.68
1768182746,R_10,5788.617
1768182748,R_10,5788.467
1768182750,R_10,5788.423
1768182752,R_10,5788.652
1768182754,R_10,5788.736
1768182756,R_10,5788.612
1768182758,R_10,5788.623
1768182760,R_10,5788.805
1768182762,R_10,5788.86
1768182764,R_10,5789.123
1768182766,R_10,5789.138
1768182768,R_10,5789.521
1768182770,R_10,5789.449
1768182772,R_10,5789.61
1768182774,R_10,5789.675
1768182776,R_10,5790.032
1768182778,R_10,5790.028
1768182780,R_10,5790.189
1768182782,R_10,5790.211
1768182784,R_10,5790.193
1768182786,R_10,5790.155
1768182788,R_10,5790.094
1768182790,R_10,5789.816
1768182792,R_10,5789.805
1768182794,R_10,5789.679
1768182796,R_10,5789.784
1768182798,R_10,5789.803
1768182800,R_10,5789.846
1768182802,R_10,5789.924
1768182804,R_10,5789.638
1768182806,R_10,5789.558
1768182808,R_10,5789.597
1768182810,R_10,5789.771
1768182812,R_10,5790.043
1768182814,R_10,5789.973
1768182816,R_10,5789.851
1768182818,R_10,5789.906
1768182820,R_10,5789.954
1768182822,R_10,5790.098
1768182824,R_10,5790.178
1768182826,R_10,5790.491
1768182828,R_10,5790.416
1768182830,R_10,5790.331
1768182832,R_10,5790.35
1768182834,R_10,5790.178
1768182836,R_10,5790.122
1768182838,R_10,5790.332
1768182840,R_10,5790.074
1768182842,R_10,5790.264
1768182844,R_10,5790.391
1768182846,R_10,5790.312
1768182848,R_10,5790.369
1768182850,R_10,5790.328
1768182852,R_10,5790.18
1768182854,R_10,5790.13
1768182856,R_10,5790.065
1768182858,R_10,5789.977
1768182860,R_10,5789.854
1768182862,R_10,5789.507
1768182864,R_10,5789.645
1768182866,R_10,5789.663
1768182868,R_10,5789.721
1768182870,R_10,5789.575
1768182872,R_10,5789.503
1768182874,R_10,5789.685
1768182876,R_10,5789.547
1768182878,R_10,5789.633
1768182880,R_10,5789.753
1768182882,R_10,5789.85
1768182884,R_10,5789.565
1768182886,R_10,5789.648
1768182888,R_10,5789.6
1768182890,R_10,5789.401
1768182892,R_10,5789.474
1768182894,R_10,5789.339
1768182896,R_10,5789.197
1768182898,R_10,5789.33
1768182900,R_10,5789.285
1768182902,R_10,5789.243
1768182904,R_10,5789.315
1768182906,R_10,5789.209
1768182908,R_10,5789.096
1768182910,R_10,5789.068
1768182912,R_10,5788.949
1768182914,R_10,5788.886
1768182916,R_10,5789.145
1768182918,R_10,5789.144
1768182920,R_10,5788.964
1768182922,R_10,5788.699
1768182924,R_10,5788.633
1768182926,R_10,5788.581
1768182928,R_10,5788.856
1768182930,R_10,5788.825
1768182932,R_10,5788.727
1768182934,R_10,5788.738
1768182936,R_10,5788.753
1768182938,R_10,5788.832
1768182940,R_10,5788.744
1768182942,R_10,5788.69
1768182944,R_10,5788.719
1768182946,R_10,5788.915
1768182948,R_10,5788.826
1768182950,R_10,5788.894
1768182952,R_10,5789.093
1768182954,R_10,5789.22
1768182956,R_10,5789.418
1768182958,R_10,5789.159
1768182960,R_10,5789.166
1768182962,R_10,5789.339
1768182964,R_10,5789.519
1768182966,R_10,5789.532
1768182968,R_10,5789.445
1768182970,R_10,5789.514
1768182972,R_10,5789.752
1768182974,R_10,5789.81
1768182976,R_10,5790.011
1768182978,R_10,5789.782
1768182980,R_10,5789.706
1768182982,R_10,5789.783
1768182984,R_10,5789.864
1768182986,R_10,5790.038
1768182988,R_10,5790.049
1768182990,R_10,5789.963
1768182992,R_10,5789.949
1768182994,R_10,5790.095
1768182996,R_10,5789.636
1768182998,R_10,5789.754
1768183000,R_10,5789.75
1768183002,R_10,5789.48
1768183004,R_10,5789.549
1768183006,R_10,5789.529
1768183008,R_10,5789.858
1768183010,R_10,5789.989
1768183012,R_10,5789.871
1768183014,R_10,5789.695
1768183016,R_10,5789.67
1768183018,R_10,5789.445
1768183020,R_10,5789.64
1768183022,R_10,5789.841
1768183024,R_10,5789.87
1768183026,R_10,5789.985
1768183028,R_10,5790.239
1768183030,R_10,5790.478
1768183032,R_10,5790.409
1768183034,R_10,5790.101
1768183036,R_10,5790.134
1768183038,R_10,5790.319
1768183040,R_10,5790.346
1768183042,R_10,5790.352
1768183044,R_10,5790.248
1768183046,R_10,5790.238
1768183048,R_10,5789.976
1768183050,R_10,5790.094
1768183052,R_10,5789.964
1768183054,R_10,5789.653
1768183056,R_10,5789.669
1768183058,R_10,5789.607
1768183060,R_10,5789.675
1768183062,R_10,5789.383
1768183064,R_10,5789.281
1768183066,R_10,5789.37
1768183068,R_10,5789.504
1768183070,R_10,5789.361
1768183072,R_10,5789.578
1768183074,R_10,5789.654
1768183076,R_10,5789.921
1768183078,R_10,5790.111
1768183080,R_10,5790.03
1768183082,R_10,5789.979
1768183084,R_10,5790.221
1768183086,R_10,5790.27
1768183088,R_10,5790.437
1768183090,R_10,5790.482
1768183092,R_10,5790.442
1768183094,R_10,5790.518
1768183096,R_10,5790.555
1768183098,R_10,5790.593
1768183100,R_10,5790.62
1768183102,R_10,5790.423
1768183104,R_10,5790.376
1768183106,R_10,5790.502
1768183108,R_10,5790.307
1768183110,R_10,5790.424
1768183112,R_10,5790.504
1768183114,R_10,5790.652
1768183116,R_10,5790.654
1768183118,R_10,5790.124
1768183120,R_10,5790.292
1768183122,R_10,5790.36
1768183124,R_10,5790.367
1768183126,R_10,5790.402
1768183128,R_10,5790.558
1768183130,R_10,5790.606
1768183132,R_10,5790.597
1768183134,R_10,5790.529
1768183136,R_10,5790.395
1768183138,R_10,5790.389
1768183140,R_10,5790.254
1768183142,R_10,5790.214
1768183144,R_10,5790.221
1768183146,R_10,5790.05
1768183148,R_10,5790.023
1768183150,R_10,5789.916
1768183152,R_10,5789.876
1768183154,R_10,5789.914
1768183156,R_10,5789.965
1768183158,R_10,5789.748
1768183160,R_10,5789.62
1768183162,R_10,5789.657
1768183164,R_10,5789.486
1768183166,R_10,5789.477
1768183168,R_10,5789.455
1768183170,R_10,5789.429
1768183172,R_10,5789.253
1768183174,R_10,5789.162
1768183176,R_10,5789.241
1768183178,R_10,5789.483
1768183180,R_10,5789.526
1768183182,R_10,5789.36
1768183184,R_10,5789.239
1768183186,R_10,5789.172
1768183188,R_10,5788.791
1768183190,R_10,5788.762
1768183192,R_10,5788.655
1768183194,R_10,5788.728
1768183196,R_10,5788.83
1768183198,R_10,5788.92
1768183200,R_10,5788.937
1768183202,R_10,5789.07
1768183204,R_10,5789.177
1768183206,R_10,5789.09
1768183208,R_10,5789.182
1768183210,R_10,5789.215
1768183212,R_10,5789.383
1768183214,R_10,5789.539
1768183216,R_10,5789.349
1768183218,R_10,5789.414
1768183220,R_10,5789.395
1768183222,R_10,5789.205
1768183224,R_10,5789.314
1768183226,R_10,5789.111
1768183228,R_10,5789.063
1768183230,R_10,5788.919
1768183232,R_10,5789.089
1768183234,R_10,5789.079
1768183236,R_10,5789.131
1768183238,R_10,5789.168
1768183240,R_10,5789.092
1768183242,R_10,5788.813
1768183244,R_10,5788.835
1768183246,R_10,5788.818
1768183248,R_10,5788.855
1768183250,R_10,5788.925
1768183252,R_10,5788.696
1768183254,R_10,5788.607
1768183256,R_10,5788.59
1768183258,R_10,5788.577
1768183260,R_10,5788.437
1768183262,R_10,5788.645
1768183264,R_10,5788.759
1768183266,R_10,5788.599
1768183268,R_10,5788.78
1768183270,R_10,5788.875
1768183272,R_10,5788.874
1768183274,R_10,5788.908
1768183276,R_10,5788.8
1768183278,R_10,5788.987
1768183280,R_10,5788.856
1768183282,R_10,5788.783
1768183284,R_10,5788.726
1768183286,R_10,5788.66
1768183288,R_10,5788.661
1768183290,R_10,5788.601
1768183292,R_10,5788.38
1768183294,R_10,5788.292
1768183296,R_10,5788.356
1768183298,R_10,5788.385
1768183300,R_10,5788.659
1768183302,R_10,5788.988
1768183304,R_10,5788.774
1768183306,R_10,5788.796
1768183308,R_10,5788.694
1768183310,R_10,5788.62
1768183312,R_10,5788.611
1768183314,R_10,5788.536
1768183316,R_10,5788.563
1768183318,R_10,5788.694
1768183320,R_10,5788.765
1768183322,R_10,5789.065
1768183324,R_10,5789.348
1768183326,R_10,5789.434
1768183328,R_10,5789.468
1768183330,R_10,5789.249
1768183332,R_10,5789.365
1768183334,R_10,5789.359
1768183336,R_10,5789.437
1768183338,R_10,5789.471
1768183340,R_10,5789.407
1768183342,R_10,5789.419
1768183344,R_10,5789.395
1768183346,R_10,5789.164
1768183348,R_10,5789.093
1768183350,R_10,5789.142
1768183352,R_10,5789.177
1768183354,R_10,5789.028
1768183356,R_10,5788.768
1768183358,R_10,5788.71
1768183360,R_10,5788.431
1768183362,R_10,5788.437
1768183364,R_10,5788.637
1768183366,R_10,5788.414
1768183368,R_10,5788.328
1768183370,R_10,5788.401
1768183372,R_10,5788.369
1768183374,R_10,5788.593
1768183376,R_10,5788.564
1768183378,R_10,5788.384
1768183380,R_10,5788.197
1768183382,R_10,5788.059
1768183384,R_10,5787.957
1768183386,R_10,5787.892
1768183388,R_10,5788.055
1768183390,R_10,5788.191
1768183392,R_10,5788.038
1768183394,R_10,5788.286
1768183396,R_10,5788.474
1768183398,R_10,5788.357
1768183400,R_10,5788.383
1768183402,R_10,5788.738
1768183404,R_10,5788.578
1768183406,R_10,5788.75
1768183408,R_10,5788.876
1768183410,R_10,5788.839
1768183412,R_10,5788.729
1768183414,R_10,5788.703
1768183416,R_10,5788.738
1768183418,R_10,5788.68
1768183420,R_10,5788.495
1768183422,R_10,5788.514
1768183424,R_10,5788.65
1768183426,R_10,5788.852
1768183428,R_10,5788.769
1768183430,R_10,5788.73
1768183432,R_10,5788.741
1768183434,R_10,5788.921
1768183436,R_10,5788.711
1768183438,R_10,5788.753
1768183440,R_10,5788.588
1768183442,R_10,5788.742
1768183444,R_10,5788.613
1768183446,R_10,5788.521
1768183448,R_10,5788.828
1768183450,R_10,5789.173
1768183452,R_10,5789.202
1768183454,R_10,5789.269
1768183456,R_10,5789.464
1768183458,R_10,5789.4
1768183460,R_10,5789.611
1768183462,R_10,5789.498
1768183464,R_10,5789.231
1768183466,R_10,5789.473
1768183468,R_10,5789.405
1768183470,R_10,5789.595
1768183472,R_10,5789.791
1768183474,R_10,5789.57
1768183476,R_10,5789.407
1768183478,R_10,5789.495
1768183480,R_10,5789.554
1768183482,R_10,5789.518
1768183484,R_10,5789.303
1768183486,R_10,5789.397
1768183488,R_10,5789.54
1768183490,R_10,5789.302
1768183492,R_10,5789.12
1768183494,R_10,5789.149
1768183496,R_10,5789.084
1768183498,R_10,5789.107
1768183500,R_10,5789.295
1768183502,R_10,5789.193
1768183504,R_10,5788.92
1768183506,R_10,5789.019
1768183508,R_10,5789.188
1768183510,R_10,5789.406
1768183512,R_10,5789.337
1768183514,R_10,5789.281
1768183516,R_10,5789.036
1768183518,R_10,5788.939
1768183520,R_10,5788.715
1768183522,R_10,5788.551
1768183524,R_10,5788.633
1768183526,R_10,5788.574
1768183528,R_10,5788.543
1768183530,R_10,5788.676
1768183532,R_10,5788.68
1768183534,R_10,5789.023
1768183536,R_10,5788.839
1768183538,R_10,5788.824
1768183540,R_10,5788.753
1768183542,R_10,5788.584
1768183544,R_10,5788.543
1768183546,R_10,5788.689
1768183548,R_10,5788.672
1768183550,R_10,5788.888
1768183552,R_10,5789.093
1768183554,R_10,5788.89
1768183556,R_10,5789.123
1768183558,R_10,5788.935
1768183560,R_10,5788.829
1768183562,R_10,5788.954
1768183564,R_10,5788.887
1768183566,R_10,5788.906
1768183568,R_10,5788.653
1768183570,R_10,5788.635
1768183572,R_10,5788.596
1768183574,R_10,5788.27
1768183576,R_10,5788.091
1768183578,R_10,5788.128
1768183580,R_10,5787.948
1768183582,R_10,5787.865
1768183584,R_10,5787.913
1768183586,R_10,5787.801
1768183588,R_10,5788.123
1768183590,R_10,5788.224
1768183592,R_10,5788.199
1768183594,R_10,5788.442
1768183596,R_10,5788.432
1768183598,R_10,5788.824
1768183600,R_10,5789.056
1768183602,R_10,5789.067
1768183604,R_10,5789.316
1768183606,R_10,5789.399
1768183608,R_10,5789.327
1768183610,R_10,5789.166
1768183612,R_10,5789.129
1768183614,R_10,5788.951
1768183616,R_10,5789.026
1768183618,R_10,5789.095
1768183620,R_10,5789.179
1768183622,R_10,5789.107
1768183624,R_10,5789.262
1768183626,R_10,5789.134
1768183628,R_10,5788.964
1768183630,R_10,5788.852
1768183632,R_10,5788.677
1768183634,R_10,5788.573
1768183636,R_10,5788.367
1768183638,R_10,5788.316
1768183640,R_10,5788.486
1768183642,R_10,5788.664
1768183644,R_10,5788.689
1768183646,R_10,5788.657
1768183648,R_10,5788.487
1768183650,R_10,5788.662
1768183652,R_10,5788.44
1768183654,R_10,5788.356
1768183656,R_10,5788.465
1768183658,R_10,5788.597
1768183660,R_10,5788.457
1768183662,R_10,5788.432
1768183664,R_10,5788.484
1768183666,R_10,5788.448
1768183668,R_10,5788.514
1768183670,R_10,5788.768
1768183672,R_10,5788.586
1768183674,R_10,5788.674
1768183676,R_10,5788.643
1768183678,R_10,5788.63
1768183680,R_10,5788.476
1768183682,R_10,5788.436
1768183684,R_10,5788.209
1768183686,R_10,5788.183
1768183688,R_10,5787.945
1768183690,R_10,5787.993
1768183692,R_10,5788.285
1768183694,R_10,5788.24
1768183696,R_10,5788.388
1768183698,R_10,5788.528
1768183700,R_10,5788.501
1768183702,R_10,5788.341
1768183704,R_10,5788.259
1768183706,R_10,5788.335
1768183708,R_10,5788.612
1768183710,R_10,5788.519
1768183712,R_10,5788.282
1768183714,R_10,5788.301
1768183716,R_10,5788.3
1768183718,R_10,5788.429
1768183720,R_10,5788.357
1768183722,R_10,5788.326
1768183724,R_10,5788.496
1768183726,R_10,5788.587
1768183728,R_10,5788.479
1768183730,R_10,5788.433
1768183732,R_10,5788.516
1768183734,R_10,5788.746
1768183736,R_10,5788.94
1768183738,R_10,5789.043
1768183740,R_10,5788.823
1768183742,R_10,5788.623
1768183744,R_10,5788.424
1768183746,R_10,5788.253
1768183748,R_10,5788.511
1768183750,R_10,5788.281
1768183752,R_10,5788.35
1768183754,R_10,5788.72
1768183756,R_10,5788.698
1768183758,R_10,5788.52
1768183760,R_10,5788.462
1768183762,R_10,5788.448
1768183764,R_10,5788.193
1768183766,R_10,5788.275
1768183768,R_10,5788.408
1768183770,R_10,5788.386
1768183772,R_10,5788.485
1768183774,R_10,5788.58
1768183776,R_10,5788.469
1768183778,R_10,5788.656
1768183780,R_10,5788.724
1768183782,R_10,5788.774
1768183784,R_10,5788.943
1768183786,R_10,5789.106
1768183788,R_10,5789.224
1768183790,R_10,5789.204
1768183792,R_10,5788.995
1768183794,R_10,5789.066
1768183796,R_10,5788.92
1768183798,R_10,5788.819
1768183800,R_10,5788.593
1768183802,R_10,5788.446
1768183804,R_10,5788.276
1768183806,R_10,5788.215
1768183808,R_10,5788.071
1768183810,R_10,5788.074
1768183812,R_10,5788.161
1768183814,R_10,5788.02
1768183816,R_10,5787.961
1768183818,R_10,5787.973
1768183820,R_10,5787.819
1768183822,R_10,5787.699
1768183824,R_10,5787.415
1768183826,R_10,5787.601
1768183828,R_10,5787.522
1768183830,R_10,5787.72
1768183832,R_10,5787.659
1768183834,R_10,5788.018
1768183836,R_10,5787.975
1768183838,R_10,5788.101
1768183840,R_10,5788.199
1768183842,R_10,5788.285
1768183844,R_10,5788.137
1768183846,R_10,5787.796
1768183848,R_10,5787.611
1768183850,R_10,5787.309
1768183852,R_10,5787.539
1768183854,R_10,5787.367
1768183856,R_10,5787.199
1768183858,R_10,5787.317
1768183860,R_10,5787.254
1768183862,R_10,5787.293
1768183864,R_10,5787.353
1768183866,R_10,5787.309
1768183868,R_10,5787.391
1768183870,R_10,5787.129
1768183872,R_10,5787.124
1768183874,R_10,5787.403
1768183876,R_10,5787.474
1768183878,R_10,5787.552
1768183880,R_10,5787.487
1768183882,R_10,5787.419
1768183884,R_10,5787.727
1768183886,R_10,5787.627
1768183888,R_10,5787.557
1768183890,R_10,5787.796
1768183892,R_10,5787.864
1768183894,R_10,5788.03
1768183896,R_10,5788.084
1768183898,R_10,5788.173
1768183900,R_10,5788.028
1768183902,R_10,5788.195
1768183904,R_10,5788.184
1768183906,R_10,5788.177
1768183908,R_10,5788.119
1768183910,R_10,5787.914
1768183912,R_10,5788.053
1768183914,R_10,5788.227
1768183916,R_10,5788.203
1768183918,R_10,5788.402
1768183920,R_10,5788.204
1768183922,R_10,5788.101
1768183924,R_10,5788.133
1768183926,R_10,5788.07
1768183928,R_10,5788.111
1768183930,R_10,5787.992
1768183932,R_10,5787.879
1768183934,R_10,5788.047
1768183936,R_10,5788.044
1768183938,R_10,5787.897
1768183940,R_10,5787.828
1768183942,R_10,5787.85
1768183944,R_10,5787.808
1768183946,R_10,5788.111
1768183948,R_10,5788.339
1768183950,R_10,5788.281
1768183952,R_10,5788.159
1768183954,R_10,5788.146
1768183956,R_10,5788.104
1768183958,R_10,5788.38
1768183960,R_10,5788.372
1768183962,R_10,5788.272
1768183964,R_10,5788.211
1768183966,R_10,5788.364
1768183968,R_10,5788.408
1768183970,R_10,5788.273
1768183972,R_10,5788.452
1768183974,R_10,5788.443
1768183976,R_10,5788.541
1768183978,R_10,5788.472
1768183980,R_10,5788.458
1768183982,R_10,5788.442
1768183984,R_10,5788.143
1768183986,R_10,5787.932
1768183988,R_10,5787.884
1768183990,R_10,5788.21
1768183992,R_10,5788.366
1768183994,R_10,5788.366
1768183996,R_10,5788.447
1768183998,R_10,5788.517
1768184000,R_10,5788.532
1768184002,R_10,5788.558
1768184004,R_10,5788.509
1768184006,R_10,5788.656
1768184008,R_10,5788.685
1768184010,R_10,5789
1768184012,R_10,5789.109
1768184014,R_10,5789.437
1768184016,R_10,5789.137
1768184018,R_10,5789.128
1768184020,R_10,5789.254
1768184022,R_10,5789.162
1768184024,R_10,5789.252
1768184026,R_10,5789.21
1768184028,R_10,5789.061
1768184030,R_10,5789.025
1768184032,R_10,5788.965
1768184034,R_10,5789.079
1768184036,R_10,5789.235
1768184038,R_10,5789.311
1768184040,R_10,5789.123
1768184042,R_10,5789.236
1768184044,R_10,5789.24
1768184046,R_10,5789.447
1768184048,R_10,5789.503
1768184050,R_10,5789.321
1768184052,R_10,5789.391
1768184054,R_10,5789.531
1768184056,R_10,5789.605
1768184058,R_10,5789.679
1768184060,R_10,5789.755
1768184062,R_10,5789.647
1768184064,R_10,5789.651
1768184066,R_10,5789.724
1768184068,R_10,5789.535
1768184070,R_10,5789.361
1768184072,R_10,5789.303
1768184074,R_10,5789.371
1768184076,R_10,5789.333
1768184078,R_10,5789.347
1768184080,R_10,5789.318
1768184082,R_10,5789.372
1768184084,R_10,5789.572
1768184086,R_10,5789.537
1768184088,R_10,5789.429
1768184090,R_10,5789.562
1768184092,R_10,5789.689
1768184094,R_10,5789.874
1768184096,R_10,5789.921
1768184098,R_10,5790.023
1768184100,R_10,5789.882
1768184102,R_10,5789.818
1768184104,R_10,5789.861
1768184106,R_10,5789.715
1768184108,R_10,5789.823
1768184110,R_10,5789.767
1768184112,R_10,5789.974
1768184114,R_10,5789.95
1768184116,R_10,5790.052
1768184118,R_10,5790.1
1768184120,R_10,5789.751
1768184122,R_10,5789.708
1768184124,R_10,5789.81
1768184126,R_10,5789.933
1768184128,R_10,5789.828
1768184130,R_10,5789.935
1768184132,R_10,5789.882
1768184134,R_10,5789.986
1768184136,R_10,5789.883
1768184138,R_10,5789.963
1768184140,R_10,5789.955
1768184142,R_10,5790.246
1768184144,R_10,5790.217
1768184146,R_10,5789.943
1768184148,R_10,5789.877
1768184150,R_10,5789.992
1768184152,R_10,5789.762
1768184154,R_10,5790.123
1768184156,R_10,5790.1
1768184158,R_10,5790.234
1768184160,R_10,5790.101
1768184162,R_10,5790.129
1768184164,R_10,5789.947
1768184166,R_10,5789.895
1768184168,R_10,5789.893
1768184170,R_10,5789.752
1768184172,R_10,5789.897
1768184174,R_10,5789.769
1768184176,R_10,5789.807
1768184178,R_10,5790.09
1768184180,R_10,5790.152
1768184182,R_10,5790.404
1768184184,R_10,5790.677
1768184186,R_10,5790.676
1768184188,R_10,5790.596
1768184190,R_10,5790.718
1768184192,R_10,5790.644
1768184194,R_10,5790.565
1768184196,R_10,5790.376
1768184198,R_10,5790.452
1768184200,R_10,5790.397
1768184202,R_10,5790.556
1768184204,R_10,5790.828
1768184206,R_10,5790.636
1768184208,R_10,5790.434
1768184210,R_10,5790.336
1768184212,R_10,5790.224
1768184214,R_10,5790.038
1768184216,R_10,5789.833
1768184218,R_10,5789.745
1768184220,R_10,5790.036
1768184222,R_10,5790.266
1768184224,R_10,5790.269
1768184226,R_10,5790.132
1768184228,R_10,5790.338
1768184230,R_10,5790.264
1768184232,R_10,5790.215
1768184234,R_10,5790.152
1768184236,R_10,5790.153
1768184238,R_10,5790.49
1768184240,R_10,5790.447
1768184242,R_10,5790.394
1768184244,R_10,5790.295
1768184246,R_10,5790.335
1768184248,R_10,5790.183
1768184250,R_10,5790.47
1768184252,R_10,5790.527
1768184254,R_10,5790.303
1768184256,R_10,5790.377
1768184258,R_10,5790.291
1768184260,R_10,5790.322
1768184262,R_10,5790.479
1768184264,R_10,5790.302
1768184266,R_10,5790.205
1768184268,R_10,5790.057
1768184270,R_10,5790.165
1768184272,R_10,5790.09
1768184274,R_10,5789.925
1768184276,R_10,5790.005
1768184278,R_10,5790.076
1768184280,R_10,5789.698
1768184282,R_10,5789.528
1768184284,R_10,5789.473
1768184286,R_10,5789.622
1768184288,R_10,5789.65
1768184290,R_10,5789.677
1768184292,R_10,5789.669
1768184294,R_10,5789.736
1768184296,R_10,5789.664
1768184298,R_10,5789.495
1768184300,R_10,5789.599
1768184302,R_10,5789.625
1768184304,R_10,5789.448
1768184306,R_10,5789.372
1768184308,R_10,5789.374
1768184310,R_10,5789.331
1768184312,R_10,5789.031
1768184314,R_10,5789.05
1768184316,R_10,5789.033
1768184318,R_10,5788.982
1768184320,R_10,5789.26
1768184322,R_10,5789.23
1768184324,R_10,5789.309
1768184326,R_10,5789.277
1768184328,R_10,5789.257
1768184330,R_10,5789.297
1768184332,R_10,5789.193
1768184334,R_10,5788.997
1768184336,R_10,5788.98
1768184338,R_10,5788.801
1768184340,R_10,5789.118
1768184342,R_10,5789.203
1768184344,R_10,5789.094
1768184346,R_10,5789.19
1768184348,R_10,5789.218
1768184350,R_10,5789.475
1768184352,R_10,5789.496
1768184354,R_10,5789.486
1768184356,R_10,5789.507
1768184358,R_10,5789.657
1768184360,R_10,5789.556
1768184362,R_10,5789.733
1768184364,R_10,5789.816
1768184366,R_10,5789.755
1768184368,R_10,5789.729
1768184370,R_10,5789.846
1768184372,R_10,5790.096
1768184374,R_10,5790.019
1768184376,R_10,5790.142
1768184378,R_10,5790.065
1768184380,R_10,5790.181
1768184382,R_10,5789.893
1768184384,R_10,5789.715
1768184386,R_10,5789.652
1768184388,R_10,5789.604
1768184390,R_10,5789.576
1768184392,R_10,5789.344
1768184394,R_10,5789.539
1768184396,R_10,5789.477
1768184398,R_10,5789.177
1768184400,R_10,5789.379
1768184402,R_10,5789.38
1768184404,R_10,5789.26
1768184406,R_10,5789.008
1768184408,R_10,5788.891
1768184410,R_10,5788.905
1768184412,R_10,5788.772
1768184414,R_10,5788.9
1768184416,R_10,5789.172
1768184418,R_10,5789.061
1768184420,R_10,5788.975
1768184422,R_10,5789.161
1768184424,R_10,5788.897
1768184426,R_10,5789.061
1768184428,R_10,5789.055
1768184430,R_10,5789.086
1768184432,R_10,5789.146
1768184434,R_10,5789.162
1768184436,R_10,5789.004
1768184438,R_10,5788.952
1768184440,R_10,5788.915
1768184442,R_10,5788.851
1768184444,R_10,5788.864
1768184446,R_10,5788.963
1768184448,R_10,5789.111
1768184450,R_10,5789.042
1768184452,R_10,5789.062
1768184454,R_10,5789.125
1768184456,R_10,5789.052
1768184458,R_10,5788.576
1768184460,R_10,5788.761
1768184462,R_10,5788.705
1768184464,R_10,5788.765
1768184466,R_10,5789.05
1768184468,R_10,5788.981
1768184470,R_10,5788.909
1768184472,R_10,5789.094
1768184474,R_10,5789.2
1768184476,R_10,5789.294
1768184478,R_10,5789.211
1768184480,R_10,5789.288
1768184482,R_10,5789.103
1768184484,R_10,5788.999
1768184486,R_10,5788.8
1768184488,R_10,5788.859
1768184490,R_10,5788.838
1768184492,R_10,5788.661
1768184494,R_10,5788.655
1768184496,R_10,5788.774
1768184498,R_10,5788.536
1768184500,R_10,5788.371
1768184502,R_10,5788.262
1768184504,R_10,5788.239
1768184506,R_10,5788.121
1768184508,R_10,5788.223
1768184510,R_10,5788.326
1768184512,R_10,5788.582
1768184514,R_10,5788.513
1768184516,R_10,5788.256
1768184518,R_10,5788.278
1768184520,R_10,5788.279
1768184522,R_10,5787.992
1768184524,R_10,5788.173
1768184526,R_10,5788.108
1768184528,R_10,5788.349
1768184530,R_10,5788.03
1768184532,R_10,5788.036
1768184534,R_10,5788.213
1768184536,R_10,5788.273
1768184538,R_10,5788.225
1768184540,R_10,5788.212
1768184542,R_10,5788.173
1768184544,R_10,5787.989
1768184546,R_10,5788.048
1768184548,R_10,5787.991
1768184550,R_10,5787.938
1768184552,R_10,5787.987
1768184554,R_10,5787.87
1768184556,R_10,5787.929
1768184558,R_10,5787.867
1768184560,R_10,5787.885
1768184562,R_10,5787.744
1768184564,R_10,5787.76
1768184566,R_10,5787.752
1768184568,R_10,5787.475
1768184570,R_10,5787.367
1768184572,R_10,5787.512
1768184574,R_10,5787.647
1768184576,R_10,5787.999
1768184578,R_10,5788.027
1768184580,R_10,5787.907
1768184582,R_10,5787.826
1768184584,R_10,5787.845
1768184586,R_10,5787.866
1768184588,R_10,5787.801
1768184590,R_10,5788.046
1768184592,R_10,5788.105
1768184594,R_10,5788.033
1768184596,R_10,5787.561
1768184598,R_10,5787.627
1768184600,R_10,5787.681
1768184602,R_10,5787.614
1768184604,R_10,5787.624
1768184606,R_10,5787.667
1768184608,R_10,5787.351
1768184610,R_10,5787.199
1768184612,R_10,5787.208
1768184614,R_10,5787.012
1768184616,R_10,5786.764
1768184618,R_10,5786.856
1768184620,R_10,5786.987
1768184622,R_10,5786.743
1768184624,R_10,5786.727
1768184626,R_10,5786.745
1768184628,R_10,5787.048
1768184630,R_10,5786.913
1768184632,R_10,5787.121
1768184634,R_10,5787.032
1768184636,R_10,5786.916
1768184638,R_10,5786.855
1768184640,R_10,5786.916
1768184642,R_10,5786.718
1768184644,R_10,5786.802
1768184646,R_10,5786.839
1768184648,R_10,5786.786
1768184650,R_10,5786.681
1768184652,R_10,5786.762
1768184654,R_10,5786.869
1768184656,R_10,5786.768
1768184658,R_10,5787.042
1768184660,R_10,5787.227
1768184662,R_10,5787.125
1768184664,R_10,5787.263
1768184666,R_10,5787.298
1768184668,R_10,5787.531
1768184670,R_10,5787.574
1768184672,R_10,5787.529
1768184674,R_10,5787.744
1768184676,R_10,5787.988
1768184678,R_10,5787.839
1768184680,R_10,5787.972
1768184682,R_10,5788.1
1768184684,R_10,5788.03
1768184686,R_10,5788.029
1768184688,R_10,5788.315
1768184690,R_10,5788.326
1768184692,R_10,5788.299
1768184694,R_10,5788.238
1768184696,R_10,5788.134
1768184698,R_10,5788.209
1768184700,R_10,5788.281
1768184702,R_10,5788.242
1768184704,R_10,5788.11
1768184706,R_10,5788.315
1768184708,R_10,5788.062
1768184710,R_10,5787.811
1768184712,R_10,5787.782
1768184714,R_10,5787.86
1768184716,R_10,5787.846
1768184718,R_10,5787.945
1768184720,R_10,5787.887
1768184722,R_10,5787.851
1768184724,R_10,5787.994
1768184726,R_10,5788.352
1768184728,R_10,5788.294
1768184730,R_10,5788.274
1768184732,R_10,5788.087
1768184734,R_10,5788.059
1768184736,R_10,5788.046
1768184738,R_10,5788.038
1768184740,R_10,5787.841
1768184742,R_10,5788.053
1768184744,R_10,5788.041
1768184746,R_10,5787.978
1768184748,R_10,5787.797
1768184750,R_10,5787.82
1768184752,R_10,5787.667
1768184754,R_10,5787.569
1768184756,R_10,5787.741
1768184758,R_10,5787.592
1768184760,R_10,5787.449
1768184762,R_10,5787.659
1768184764,R_10,5787.862
1768184766,R_10,5787.703
1768184768,R_10,5787.73
1768184770,R_10,5787.532
1768184772,R_10,5787.647
1768184774,R_10,5787.426
1768184776,R_10,5787.743
1768184778,R_10,5787.797
1768184780,R_10,5787.583
1768184782,R_10,5787.285
1768184784,R_10,5787.377
1768184786,R_10,5787.426
1768184788,R_10,5787.468
1768184790,R_10,5787.707
1768184792,R_10,5787.639
1768184794,R_10,5787.923
1768184796,R_10,5788.016
1768184798,R_10,5787.99
1768184800,R_10,5788.12
1768184802,R_10,5788.141
1768184804,R_10,5788.211
1768184806,R_10,5787.979
1768184808,R_10,5787.977
1768184810,R_10,5787.981
1768184812,R_10,5787.875
1768184814,R_10,5787.744
1768184816,R_10,5787.941
1768184818,R_10,5788.182
1768184820,R_10,5788.237
1768184822,R_10,5788.087
1768184824,R_10,5788.204
1768184826,R_10,5788.237
1768184828,R_10,5788.387
1768184830,R_10,5788.456
1768184832,R_10,5788.423
1768184834,R_10,5788.367
1768184836,R_10,5788.709
1768184838,R_10,5788.819
1768184840,R_10,5788.7
1768184842,R_10,5788.447
1768184844,R_10,5788.617
1768184846,R_10,5788.811
1768184848,R_10,5789.079
1768184850,R_10,5789.063
1768184852,R_10,5789.03
1768184854,R_10,5789.036
1768184856,R_10,5788.784
1768184858,R_10,5788.797
1768184860,R_10,5788.818
1768184862,R_10,5788.738
1768184864,R_10,5788.406
1768184866,R_10,5788.317
1768184868,R_10,5788.267
1768184870,R_10,5788.35
1768184872,R_10,5788.661
1768184874,R_10,5788.798
1768184876,R_10,5788.775
1768184878,R_10,5788.786
1768184880,R_10,5788.828
1768184882,R_10,5788.967
1768184884,R_10,5788.896
1768184886,R_10,5788.847
1768184888,R_10,5788.755
1768184890,R_10,5788.919
1768184892,R_10,5789.011
1768184894,R_10,5788.994
1768184896,R_10,5789.02
1768184898,R_10,5788.688
1768184900,R_10,5788.589
1768184902,R_10,5788.655
1768184904,R_10,5788.578
1768184906,R_10,5788.352
1768184908,R_10,5788.614
1768184910,R_10,5788.623
1768184912,R_10,5788.779
1768184914,R_10,5788.664
1768184916,R_10,5788.462
1768184918,R_10,5788.479
1768184920,R_10,5788.487
1768184922,R_10,5788.568
1768184924,R_10,5788.58
1768184926,R_10,5788.56
1768184928,R_10,5788.536
1768184930,R_10,5788.66
1768184932,R_10,5788.566
1768184934,R_10,5788.547
1768184936,R_10,5788.486
1768184938,R_10,5788.554
1768184940,R_10,5788.867
1768184942,R_10,5789.066
1768184944,R_10,5789.181
1768184946,R_10,5789.372
1768184948,R_10,5789.692
1768184950,R_10,5789.752
1768184952,R_10,5789.442
1768184954,R_10,5789.356
1768184956,R_10,5789.404
1768184958,R_10,5789.479
1768184960,R_10,5789.46
1768184962,R_10,5789.46
1768184964,R_10,5789.123
1768184966,R_10,5789.038
1768184968,R_10,5788.935
1768184970,R_10,5788.765
1768184972,R_10,5788.811
1768184974,R_10,5788.56
1768184976,R_10,5788.518
1768184978,R_10,5788.669
1768184980,R_10,5788.67
1768184982,R_10,5788.542
1768184984,R_10,5788.849
1768184986,R_10,5788.869
1768184988,R_10,5788.912
1768184990,R_10,5789.068
1768184992,R_10,5789.235
1768184994,R_10,5789.213
1768184996,R_10,5789.052
1768184998,R_10,5789.544
1768185000,R_10,5789.513
1768185002,R_10,5789.574
1768185004,R_10,5789.363
1768185006,R_10,5789.36
1768185008,R_10,5789.226
1768185010,R_10,5789.148
1768185012,R_10,5789.005
1768185014,R_10,5788.996
1768185016,R_10,5788.936
1768185018,R_10,5788.904
1768185020,R_10,5788.478
1768185022,R_10,5788.459
1768185024,R_10,5788.3
1768185026,R_10,5788.415
1768185028,R_10,5788.127
1768185030,R_10,5788.213
1768185032,R_10,5788.178
1768185034,R_10,5788.325
1768185036,R_10,5788.425
1768185038,R_10,5788.343
1768185040,R_10,5788.591
1768185042,R_10,5788.585
1768185044,R_10,5788.726
1768185046,R_10,5788.778
1768185048,R_10,5788.691
1768185050,R_10,5788.692
1768185052,R_10,5788.662
1768185054,R_10,5788.654
1768185056,R_10,5788.614
1768185058,R_10,5788.604
1768185060,R_10,5788.881
1768185062,R_10,5788.895
1768185064,R_10,5789.019
1768185066,R_10,5788.859
1768185068,R_10,5789.006
1768185070,R_10,5788.868
1768185072,R_10,5789.038
1768185074,R_10,5788.83
1768185076,R_10,5788.992
1768185078,R_10,5789.049
1768185080,R_10,5788.971
1768185082,R_10,5788.723
1768185084,R_10,5788.633
1768185086,R_10,5788.585
1768185088,R_10,5788.443
1768185090,R_10,5788.309
1768185092,R_10,5788.38
1768185094,R_10,5788.153
1768185096,R_10,5788.276
1768185098,R_10,5788.541
1768185100,R_10,5788.473
1768185102,R_10,5788.438
1768185104,R_10,5788.422
1768185106,R_10,5788.361
1768185108,R_10,5788.361
1768185110,R_10,5788.194
1768185112,R_10,5788.271
1768185114,R_10,5788.128
1768185116,R_10,5788.088
1768185118,R_10,5788.045
1768185120,R_10,5788.09
1768185122,R_10,5788.067
1768185124,R_10,5788.123
1768185126,R_10,5788.303
1768185128,R_10,5787.982
1768185130,R_10,5787.955
1768185132,R_10,5787.723
1768185134,R_10,5787.975
1768185136,R_10,5787.802
1768185138,R_10,5787.903
1768185140,R_10,5788.097
1768185142,R_10,5788.264
1768185144,R_10,5788.15
1768185146,R_10,5788.309
1768185148,R_10,5788.282
1768185150,R_10,5788.35
1768185152,R_10,5788.543
1768185154,R_10,5788.701
1768185156,R_10,5789.28
1768185158,R_10,5789.285
1768185160,R_10,5789.463
1768185162,R_10,5789.398
1768185164,R_10,5789.314
1768185166,R_10,5789.398
1768185168,R_10,5788.992
1768185170,R_10,5788.722
1768185172,R_10,5788.601
1768185174,R_10,5788.434
1768185176,R_10,5788.366
1768185178,R_10,5788.372
1768185180,R_10,5788.154
1768185182,R_10,5788.111
1768185184,R_10,5788.272
1768185186,R_10,5788.301
1768185188,R_10,5788.407
1768185190,R_10,5788.464
1768185192,R_10,5788.434
1768185194,R_10,5788.454
1768185196,R_10,5788.366
1768185198,R_10,5788.262
1768185200,R_10,5787.991
1768185202,R_10,5787.891
1768185204,R_10,5787.915
1768185206,R_10,5788.03
1768185208,R_10,5787.94
1768185210,R_10,5787.983
1768185212,R_10,5787.763
1768185214,R_10,5787.557
1768185216,R_10,5787.712
1768185218,R_10,5787.848
1768185220,R_10,5787.849
1768185222,R_10,5787.912
1768185224,R_10,5788.193
1768185226,R_10,5788.001
1768185228,R_10,5787.94
1768185230,R_10,5787.977
1768185232,R_10,5787.727
1768185234,R_10,5787.869
1768185236,R_10,5787.64
1768185238,R_10,5787.844
1768185240,R_10,5787.8
1768185242,R_10,5787.846
1768185244,R_10,5787.558
1768185246,R_10,5787.764
1768185248,R_10,5788.082
1768185250,R_10,5788.301
1768185252,R_10,5788.261
1768185254,R_10,5788.051
1768185256,R_10,5788.257
1768185258,R_10,5788.248
1768185260,R_10,5788.357
1768185262,R_10,5788.253
1768185264,R_10,5788.063
1768185266,R_10,5787.974
1768185268,R_10,5788.074
1768185270,R_10,5787.984
1768185272,R_10,5787.842
1768185274,R_10,5787.958
1768185276,R_10,5788.111
1768185278,R_10,5788.08
1768185280,R_10,5788.123
1768185282,R_10,5788.163
1768185284,R_10,5788.288
1768185286,R_10,5788.524
1768185288,R_10,5788.386
1768185290,R_10,5788.401
1768185292,R_10,5788.587
1768185294,R_10,5788.704
1768185296,R_10,5788.594
1768185298,R_10,5788.475
1768185300,R_10,5788.449
1768185302,R_10,5788.389
1768185304,R_10,5788.658
1768185306,R_10,5788.822
1768185308,R_10,5788.612
1768185310,R_10,5788.382
1768185312,R_10,5788.205
1768185314,R_10,5788.305
1768185316,R_10,5788.221
1768185318,R_10,5788.354
1768185320,R_10,5788.342
1768185322,R_10,5788.34
1768185324,R_10,5788.404
1768185326,R_10,5788.509
1768185328,R_10,5788.497
1768185330,R_10,5788.241
1768185332,R_10,5787.891
1768185334,R_10,5787.89
1768185336,R_10,5787.636
1768185338,R_10,5787.644
1768185340,R_10,5787.644
1768185342,R_10,5787.642
1768185344,R_10,5787.575
1768185346,R_10,5787.633
1768185348,R_10,5787.737
1768185350,R_10,5787.525
1768185352,R_10,5787.673
1768185354,R_10,5787.697
1768185356,R_10,5787.755
1768185358,R_10,5787.79
1768185360,R_10,5787.718
1768185362,R_10,5787.743
1768185364,R_10,5787.561
1768185366,R_10,5787.684
1768185368,R_10,5787.559
1768185370,R_10,5787.386
1768185372,R_10,5787.189
1768185374,R_10,5787.219
1768185376,R_10,5787.02
1768185378,R_10,5786.965
1768185380,R_10,5787.021
1768185382,R_10,5786.824
1768185384,R_10,5786.814
1768185386,R_10,5786.839
1768185388,R_10,5787.013
1768185390,R_10,5787.179
1768185392,R_10,5787.236
1768185394,R_10,5787.25
1768185396,R_10,5787.341
1768185398,R_10,5787.263
1768185400,R_10,5787.396
1768185402,R_10,5787.453
1768185404,R_10,5787.713
1768185406,R_10,5787.602
1768185408,R_10,5787.36
1768185410,R_10,5787.495
1768185412,R_10,5787.56
1768185414,R_10,5787.772
1768185416,R_10,5787.851
1768185418,R_10,5787.806
1768185420,R_10,5787.85
1768185422,R_10,5787.794
1768185424,R_10,5787.959
1768185426,R_10,5788.16
1768185428,R_10,5788.272
1768185430,R_10,5788.23
1768185432,R_10,5788.337
1768185434,R_10,5788.43
1768185436,R_10,5788.281
1768185438,R_10,5788.235
1768185440,R_10,5788.291
1768185442,R_10,5788.262
1768185444,R_10,5788.464
1768185446,R_10,5788.465
1768185448,R_10,5788.53
1768185450,R_10,5788.393
1768185452,R_10,5788.257
1768185454,R_10,5788.422
1768185456,R_10,5788.355
1768185458,R_10,5788.406
1768185460,R_10,5788.325
1768185462,R_10,5788.492
1768185464,R_10,5788.568
1768185466,R_10,5788.306
1768185468,R_10,5788.237
1768185470,R_10,5788.061
1768185472,R_10,5787.896
1768185474,R_10,5787.654
1768185476,R_10,5787.622
1768185478,R_10,5787.455
1768185480,R_10,5787.411
1768185482,R_10,5787.249
1768185484,R_10,5787.465
1768185486,R_10,5787.504
1768185488,R_10,5787.795
1768185490,R_10,5787.645
1768185492,R_10,5787.752
1768185494,R_10,5787.991
1768185496,R_10,5788.095
1768185498,R_10,5788.007
1768185500,R_10,5787.923
1768185502,R_10,5787.824
1768185504,R_10,5787.781
1768185506,R_10,5787.715
1768185508,R_10,5787.869
1768185510,R_10,5787.713
1768185512,R_10,5787.643
1768185514,R_10,5787.666
1768185516,R_10,5787.469
1768185518,R_10,5787.792
1768185520,R_10,5787.934
1768185522,R_10,5787.778
1768185524,R_10,5787.905
1768185526,R_10,5787.76
1768185528,R_10,5787.885
1768185530,R_10,5787.86
1768185532,R_10,5787.886
1768185534,R_10,5787.753
1768185536,R_10,5787.747
1768185538,R_10,5787.841
1768185540,R_10,5787.858
1768185542,R_10,5788.115
1768185544,R_10,5788.142
1768185546,R_10,5788.084
1768185548,R_10,5788.05
1768185550,R_10,5787.972
1768185552,R_10,5788.106
1768185554,R_10,5788.102
1768185556,R_10,5788.264
1768185558,R_10,5788.148
1768185560,R_10,5788.376
1768185562,R_10,5788.238
1768185564,R_10,5787.969
1768185566,R_10,5788.246
1768185568,R_10,5787.98
1768185570,R_10,5788.077
1768185572,R_10,5788.223
1768185574,R_10,5788.228
1768185576,R_10,5788.186
1768185578,R_10,5788.015
1768185580,R_10,5788.013
1768185582,R_10,5788.193
1768185584,R_10,5788.291
1768185586,R_10,5788.346
1768185588,R_10,5788.127
1768185590,R_10,5788.123
1768185592,R_10,5788.196
1768185594,R_10,5788.205
1768185596,R_10,5788.196
1768185598,R_10,5788.316
1768185600,R_10,5788.686
1768185602,R_10,5788.589
1768185604,R_10,5788.411
1768185606,R_10,5788.498
1768185608,R_10,5788.513
1768185610,R_10,5788.627
1768185612,R_10,5788.65
1768185614,R_10,5788.55
1768185616,R_10,5788.699
1768185618,R_10,5788.507
1768185620,R_10,5788.508
1768185622,R_10,5788.484
1768185624,R_10,5788.317
1768185626,R_10,5788.032
1768185628,R_10,5788.01
1768185630,R_10,5788.082
1768185632,R_10,5788.028
1768185634,R_10,5788.143
1768185636,R_10,5788.103
1768185638,R_10,5787.974
1768185640,R_10,5788.167
1768185642,R_10,5787.827
1768185644,R_10,5787.818
1768185646,R_10,5787.851
1768185648,R_10,5787.858
1768185650,R_10,5787.387
1768185652,R_10,5787.452
1768185654,R_10,5787.652
1768185656,R_10,5787.656
1768185658,R_10,5787.646
1768185660,R_10,5787.841
1768185662,R_10,5787.745
1768185664,R_10,5787.743
1768185666,R_10,5787.705
1768185668,R_10,5787.458
1768185670,R_10,5787.322
1768185672,R_10,5787.22
1768185674,R_10,5787.195
1768185676,R_10,5787.125
1768185678,R_10,5787.216
1768185680,R_10,5787.26
1768185682,R_10,5787.225
1768185684,R_10,5787.166
1768185686,R_10,5787.067
1768185688,R_10,5787.309
1768185690,R_10,5787.371
1768185692,R_10,5787.264
1768185694,R_10,5787.348
1768185696,R_10,5787.237
1768185698,R_10,5787.29
1768185700,R_10,5787.474
1768185702,R_10,5787.443
1768185704,R_10,5787.503
1768185706,R_10,5787.517
1768185708,R_10,5787.708
1768185710,R_10,5787.572
1768185712,R_10,5787.598
1768185714,R_10,5787.654
1768185716,R_10,5787.595
1768185718,R_10,5787.575
1768185720,R_10,5787.683
1768185722,R_10,5787.638
1768185724,R_10,5787.61
1768185726,R_10,5787.607
1768185728,R_10,5787.744
1768185730,R_10,5787.645
1768185732,R_10,5787.416
1768185734,R_10,5787.336
1768185736,R_10,5787.273
1768185738,R_10,5787.176
1768185740,R_10,5787.442
1768185742,R_10,5787.503
1768185744,R_10,5787.468
1768185746,R_10,5787.586
1768185748,R_10,5787.829
1768185750,R_10,5787.761
1768185752,R_10,5787.605
1768185754,R_10,5787.586
1768185756,R_10,5787.416
1768185758,R_10,5787.342
1768185760,R_10,5787.362
1768185762,R_10,5787.612
1768185764,R_10,5787.746
1768185766,R_10,5787.659
1768185768,R_10,5787.601
1768185770,R_10,5787.856
1768185772,R_10,5788.147
1768185774,R_10,5787.967
1768185776,R_10,5787.705
1768185778,R_10,5787.69
1768185780,R_10,5788.038
1768185782,R_10,5787.766
1768185784,R_10,5787.786
1768185786,R_10,5787.729
1768185788,R_10,5787.756
1768185790,R_10,5787.806
1768185792,R_10,5787.914
1768185794,R_10,5787.739
1768185796,R_10,5787.914
1768185798,R_10,5788.02
1768185800,R_10,5788.089
1768185802,R_10,5788.227
1768185804,R_10,5788.103
1768185806,R_10,5788.33
1768185808,R_10,5788.404
1768185810,R_10,5788.307
1768185812,R_10,5788.259
1768185814,R_10,5788.09
1768185816,R_10,5788.279
1768185818,R_10,5788.212
1768185820,R_10,5788.215
1768185822,R_10,5788.21
1768185824,R_10,5788.318
1768185826,R_10,5787.858
1768185828,R_10,5787.979
1768185830,R_10,5788.048
1768185832,R_10,5788.105
1768185834,R_10,5788.382
1768185836,R_10,5788.433
1768185838,R_10,5788.57
1768185840,R_10,5788.602
1768185842,R_10,5788.327
1768185844,R_10,5788.302
1768185846,R_10,5788.147
1768185848,R_10,5788.307
1768185850,R_10,5788.381
1768185852,R_10,5788.364
1768185854,R_10,5788.309
1768185856,R_10,5788.209
1768185858,R_10,5787.836
1768185860,R_10,5787.794
1768185862,R_10,5787.858
1768185864,R_10,5787.787
1768185866,R_10,5787.863
1768185868,R_10,5788.061
1768185870,R_10,5787.986
1768185872,R_10,5787.868
1768185874,R_10,5787.652
1768185876,R_10,5787.508
1768185878,R_10,5787.408
1768185880,R_10,5787.325
1768185882,R_10,5787.377
1768185884,R_10,5787.296
1768185886,R_10,5787.488
1768185888,R_10,5787.415
1768185890,R_10,5787.382
1768185892,R_10,5787.061
1768185894,R_10,5787.149
1768185896,R_10,5787.242
1768185898,R_10,5787.364
1768185900,R_10,5787.276
1768185902,R_10,5787.429
1768185904,R_10,5787.362
1768185906,R_10,5787.343
1768185908,R_10,5787.351
1768185910,R_10,5787.34
1768185912,R_10,5787.442
1768185914,R_10,5787.619
1768185916,R_10,5787.765
1768185918,R_10,5787.807
1768185920,R_10,5787.721
1768185922,R_10,5787.791
1768185924,R_10,5788.086
1768185926,R_10,5788.007
1768185928,R_10,5787.92
1768185930,R_10,5788.003
1768185932,R_10,5787.897
1768185934,R_10,5787.674
1768185936,R_10,5787.725
1768185938,R_10,5787.648
1768185940,R_10,5787.38
1768185942,R_10,5787.297
1768185944,R_10,5787.153
1768185946,R_10,5787.366
1768185948,R_10,5787.269
1768185950,R_10,5787.495
1768185952,R_10,5787.269
1768185954,R_10,5787.343
1768185956,R_10,5787.34
1768185958,R_10,5787.395
1768185960,R_10,5787.382
1768185962,R_10,5787.397
1768185964,R_10,5787.653
1768185966,R_10,5787.605
1768185968,R_10,5787.26
1768185970,R_10,5787.366
1768185972,R_10,5787.408
1768185974,R_10,5787.096
1768185976,R_10,5787.151
1768185978,R_10,5787.097
1768185980,R_10,5787.164
1768185982,R_10,5787.142
1768185984,R_10,5787.02
1768185986,R_10,5786.831
1768185988,R_10,5786.881
1768185990,R_10,5786.943
1768185992,R_10,5787.031
1768185994,R_10,5787.133
1768185996,R_10,5787.159
1768185998,R_10,5786.982
1768186000,R_10,5787.085
1768186002,R_10,5787.318
1768186004,R_10,5787.365
1768186006,R_10,5787.305
1768186008,R_10,5787.185
1768186010,R_10,5787.29
1768186012,R_10,5787.293
1768186014,R_10,5787.189
1768186016,R_10,5786.977
1768186018,R_10,5786.91
1768186020,R_10,5786.861
1768186022,R_10,5786.85
1768186024,R_10,5786.697
1768186026,R_10,5786.903
1768186028,R_10,5787.19
1768186030,R_10,5787.039
1768186032,R_10,5786.807
1768186034,R_10,5786.709
1768186036,R_10,5786.681
1768186038,R_10,5786.841
1768186040,R_10,5786.768
1768186042,R_10,5786.599
1768186044,R_10,5786.561
1768186046,R_10,5786.823
1768186048,R_10,5786.893
1768186050,R_10,5786.874
1768186052,R_10,5787.118
1768186054,R_10,5787.25
1768186056,R_10,5787.073
1768186058,R_10,5787.123
1768186060,R_10,5786.973
1768186062,R_10,5787.054
1768186064,R_10,5786.61
1768186066,R_10,5786.29
1768186068,R_10,5786.263
1768186070,R_10,5786.27
1768186072,R_10,5786.367
1768186074,R_10,5786.418
1768186076,R_10,5786.597
1768186078,R_10,5786.623
1768186080,R_10,5786.467
1768186082,R_10,5786.366
1768186084,R_10,5786.383
1768186086,R_10,5786.189
1768186088,R_10,5786.297
1768186090,R_10,5786.378
1768186092,R_10,5786.587
1768186094,R_10,5786.635
1768186096,R_10,5786.75
1768186098,R_10,5786.561
1768186100,R_10,5786.428
1768186102,R_10,5786.707
1768186104,R_10,5786.584
1768186106,R_10,5786.427
1768186108,R_10,5786.304
1768186110,R_10,5786.566
1768186112,R_10,5786.567
1768186114,R_10,5786.673
1768186116,R_10,5786.593
1768186118,R_10,5786.702
1768186120,R_10,5786.759
1768186122,R_10,5787.073
1768186124,R_10,5787.153
1768186126,R_10,5787.032
1768186128,R_10,5786.907
1768186130,R_10,5786.967
1768186132,R_10,5787.063
1768186134,R_10,5787.06
1768186136,R_10,5786.988
1768186138,R_10,5786.859
1768186140,R_10,5786.838
1768186142,R_10,5786.939
1768186144,R_10,5787.049
1768186146,R_10,5787.184
1768186148,R_10,5787.143
1768186150,R_10,5787.012
1768186152,R_10,5787.017
1768186154,R_10,5787.154
1768186156,R_10,5787.211
1768186158,R_10,5787.098
1768186160,R_10,5787.063
1768186162,R_10,5787.134
1768186164,R_10,5787.184
1768186166,R_10,5787.06
1768186168,R_10,5786.955
1768186170,R_10,5786.918
1768186172,R_10,5786.696
1768186174,R_10,5786.97
1768186176,R_10,5786.853
1768186178,R_10,5787.026
1768186180,R_10,5786.764
1768186182,R_10,5786.673
1768186184,R_10,5786.7
1768186186,R_10,5786.575
1768186188,R_10,5786.626
1768186190,R_10,5786.604
1768186192,R_10,5786.485
1768186194,R_10,5786.544
1768186196,R_10,5786.327
1768186198,R_10,5786.306
1768186200,R_10,5786.597
1768186202,R_10,5786.383
1768186204,R_10,5786.235
1768186206,R_10,5786.488
1768186208,R_10,5786.733
1768186210,R_10,5786.73
1768186212,R_10,5786.847
1768186214,R_10,5786.554
1768186216,R_10,5786.469
1768186218,R_10,5786.52
1768186220,R_10,5786.397
1768186222,R_10,5786.57
1768186224,R_10,5786.599
1768186226,R_10,5786.918
1768186228,R_10,5787.054
1768186230,R_10,5787.134
1768186232,R_10,5787.035
1768186234,R_10,5787.041
1768186236,R_10,5787.108
1768186238,R_10,5787.428
1768186240,R_10,5787.423
1768186242,R_10,5787.317
1768186244,R_10,5787.313
1768186246,R_10,5787.124
1768186248,R_10,5787.202
1768186250,R_10,5787.194
1768186252,R_10,5787.011
1768186254,R_10,5786.864
1768186256,R_10,5786.759
1768186258,R_10,5786.953
1768186260,R_10,5786.914
1768186262,R_10,5787.025
1768186264,R_10,5787.07
1768186266,R_10,5786.934
1768186268,R_10,5786.956
1768186270,R_10,5787.079
1768186272,R_10,5787.05
1768186274,R_10,5786.957
1768186276,R_10,5787.136
1768186278,R_10,5787.285
1768186280,R_10,5787.206
1768186282,R_10,5787.293
1768186284,R_10,5787.384
1768186286,R_10,5787.542
1768186288,R_10,5787.475
1768186290,R_10,5787.335
1768186292,R_10,5787.43
1768186294,R_10,5787.267
1768186296,R_10,5787.318
1768186298,R_10,5787.354
1768186300,R_10,5787.341
1768186302,R_10,5787.139
1768186304,R_10,5787.206
1768186306,R_10,5787.195
1768186308,R_10,5787.531
1768186310,R_10,5787.438
1768186312,R_10,5787.391
1768186314,R_10,5787.245
1768186316,R_10,5787.222
1768186318,R_10,5787.425
1768186320,R_10,5787.28
1768186322,R_10,5787.308
1768186324,R_10,5787.472
1768186326,R_10,5787.505
1768186328,R_10,5787.46
1768186330,R_10,5787.507
1768186332,R_10,5787.608
1768186334,R_10,5787.617
1768186336,R_10,5787.457
1768186338,R_10,5787.474
1768186340,R_10,5787.249
1768186342,R_10,5787.158
1768186344,R_10,5786.991
1768186346,R_10,5786.919
1768186348,R_10,5787.232
1768186350,R_10,5787.238
1768186352,R_10,5787.255
1768186354,R_10,5787.174
1768186356,R_10,5786.859
1768186358,R_10,5786.932
1768186360,R_10,5786.74
1768186362,R_10,5786.762
1768186364,R_10,5786.961
1768186366,R_10,5786.765
1768186368,R_10,5786.848
1768186370,R_10,5787.015
1768186372,R_10,5787.201
1768186374,R_10,5787.175
1768186376,R_10,5787.104
1768186378,R_10,5787.302
1768186380,R_10,5787.25
1768186382,R_10,5787.267
1768186384,R_10,5787.272
1768186386,R_10,5787.307
1768186388,R_10,5787.315
1768186390,R_10,5787.235
1768186392,R_10,5787.022
1768186394,R_10,5787.043
1768186396,R_10,5786.88
1768186398,R_10,5786.875
1768186400,R_10,5786.896
1768186402,R_10,5786.73
1768186404,R_10,5786.69
1768186406,R_10,5786.896
1768186408,R_10,5787.142
1768186410,R_10,5787.176
1768186412,R_10,5787.383
1768186414,R_10,5787.469
1768186416,R_10,5787.602
1768186418,R_10,5787.456
1768186420,R_10,5787.3
1768186422,R_10,5787.541
1768186424,R_10,5787.693
1768186426,R_10,5787.566
1768186428,R_10,5787.562
1768186430,R_10,5787.627
1768186432,R_10,5787.654
1768186434,R_10,5787.903
1768186436,R_10,5787.778
1768186438,R_10,5787.596
1768186440,R_10,5787.754
1768186442,R_10,5787.688
1768186444,R_10,5787.584
1768186446,R_10,5787.613
1768186448,R_10,5787.482
1768186450,R_10,5787.48
1768186452,R_10,5787.552
1768186454,R_10,5787.522
1768186456,R_10,5787.365
1768186458,R_10,5787.074
1768186460,R_10,5787.192
1768186462,R_10,5787.083
1768186464,R_10,5787.154
1768186466,R_10,5787.268
1768186468,R_10,5787.145
1768186470,R_10,5787.192
1768186472,R_10,5787.352
1768186474,R_10,5787.381
1768186476,R_10,5787.28
1768186478,R_10,5787.246
1768186480,R_10,5787.051
1768186482,R_10,5786.87
1768186484,R_10,5786.516
1768186486,R_10,5786.616
1768186488,R_10,5786.676
1768186490,R_10,5786.671
1768186492,R_10,5786.728
1768186494,R_10,5786.787
1768186496,R_10,5786.509
1768186498,R_10,5786.604
1768186500,R_10,5786.375
1768186502,R_10,5786.432
1768186504,R_10,5786.465
1768186506,R_10,5786.443
1768186508,R_10,5786.482
1768186510,R_10,5786.357
1768186512,R_10,5786.159
1768186514,R_10,5786.097
1768186516,R_10,5786.552
1768186518,R_10,5786.683
1768186520,R_10,5786.799
1768186522,R_10,5786.416
1768186524,R_10,5786.168
1768186526,R_10,5786.202
1768186528,R_10,5786.257
1768186530,R_10,5786.099
1768186532,R_10,5785.929
1768186534,R_10,5785.875
1768186536,R_10,5785.762
1768186538,R_10,5785.891
1768186540,R_10,5785.89
1768186542,R_10,5785.934
1768186544,R_10,5786.043
1768186546,R_10,5786.004
1768186548,R_10,5785.796
1768186550,R_10,5785.843
1768186552,R_10,5785.57
1768186554,R_10,5785.218
1768186556,R_10,5785.093
1768186558,R_10,5784.961
1768186560,R_10,5785.003
1768186562,R_10,5785.255
1768186564,R_10,5785.341
1768186566,R_10,5785.296
1768186568,R_10,5785.261
1768186570,R_10,5785.347
1768186572,R_10,5785.101
1768186574,R_10,5785.075
1768186576,R_10,5785.126
1768186578,R_10,5785.292
1768186580,R_10,5785.499
1768186582,R_10,5785.371
1768186584,R_10,5785.258
1768186586,R_10,5785.177
1768186588,R_10,5785.023
1768186590,R_10,5784.968
1768186592,R_10,5784.891
1768186594,R_10,5784.845
1768186596,R_10,5784.903
1768186598,R_10,5784.985
1768186600,R_10,5785.297
1768186602,R_10,5785.182
1768186604,R_10,5785.461
1768186606,R_10,5785.282
1768186608,R_10,5785.185
1768186610,R_10,5785.252
1768186612,R_10,5785.094
1768186614,R_10,5785.285
1768186616,R_10,5785.33
1768186618,R_10,5785.132
1768186620,R_10,5784.853
1768186622,R_10,5784.814
1768186624,R_10,5784.838
1768186626,R_10,5784.979
1768186628,R_10,5784.936
1768186630,R_10,5785.044
1768186632,R_10,5785.015
1768186634,R_10,5784.803
1768186636,R_10,5784.813
1768186638,R_10,5784.976
1768186640,R_10,5785.014
1768186642,R_10,5784.91
1768186644,R_10,5784.941
1768186646,R_10,5784.855
1768186648,R_10,5784.984
1768186650,R_10,5785.079
1768186652,R_10,5785.105
1768186654,R_10,5785.12
1768186656,R_10,5785.281
1768186658,R_10,5785.437
1768186660,R_10,5785.382
1768186662,R_10,5785.287
1768186664,R_10,5785.525
1768186666,R_10,5785.614
1768186668,R_10,5785.341
1768186670,R_10,5785.279
1768186672,R_10,5785.27
1768186674,R_10,5785.398
1768186676,R_10,5785.141
1768186678,R_10,5785.167
1768186680,R_10,5785.11
1768186682,R_10,5785.116
1768186684,R_10,5785.066
1768186686,R_10,5784.999
1768186688,R_10,5785.077
1768186690,R_10,5785.046
1768186692,R_10,5785.241
1768186694,R_10,5785.111
1768186696,R_10,5785.144
1768186698,R_10,5785.203
1768186700,R_10,5784.951
1768186702,R_10,5785.017
1768186704,R_10,5784.888
1768186706,R_10,5784.921
1768186708,R_10,5784.835
1768186710,R_10,5784.603
1768186712,R_10,5784.749
1768186714,R_10,5784.783
1768186716,R_10,5784.906
1768186718,R_10,5784.803
1768186720,R_10,5785
1768186722,R_10,5784.887
1768186724,R_10,5784.872
1768186726,R_10,5784.759
1768186728,R_10,5784.839
1768186730,R_10,5784.921
1768186732,R_10,5784.882
1768186734,R_10,5784.831
1768186736,R_10,5784.619
1768186738,R_10,5784.555
1768186740,R_10,5784.427
1768186742,R_10,5784.578
1768186744,R_10,5784.498
1768186746,R_10,5784.364
1768186748,R_10,5784.228
1768186750,R_10,5784.47
1768186752,R_10,5784.25
1768186754,R_10,5784.277
1768186756,R_10,5784.281
1768186758,R_10,5784.174
1768186760,R_10,5784.145
1768186762,R_10,5784.241
1768186764,R_10,5784.246
1768186766,R_10,5784.213
1768186768,R_10,5784.12
1768186770,R_10,5784.361
1768186772,R_10,5784.38
1768186774,R_10,5784.498
1768186776,R_10,5784.371
1768186778,R_10,5784.491
1768186780,R_10,5784.505
1768186782,R_10,5784.461
1768186784,R_10,5784.242
1768186786,R_10,5784.089
1768186788,R_10,5784.052
1768186790,R_10,5784.021
1768186792,R_10,5784.093
1768186794,R_10,5784.413
1768186796,R_10,5784.402
1768186798,R_10,5784.209
1768186800,R_10,5784.309
1768186802,R_10,5784.215
1768186804,R_10,5784.113
1768186806,R_10,5783.819
1768186808,R_10,5783.866
1768186810,R_10,5783.996
1768186812,R_10,5783.967
1768186814,R_10,5783.725
1768186816,R_10,5783.664
1768186818,R_10,5783.882
1768186820,R_10,5783.842
1768186822,R_10,5783.919
1768186824,R_10,5784.023
1768186826,R_10,5783.953
1768186828,R_10,5783.814
1768186830,R_10,5783.737
1768186832,R_10,5784.029
1768186834,R_10,5784.27
1768186836,R_10,5784.307
1768186838,R_10,5784.452
1768186840,R_10,5784.4
1768186842,R_10,5784.192
1768186844,R_10,5783.97
1768186846,R_10,5783.983
1768186848,R_10,5783.968
1768186850,R_10,5784.056
1768186852,R_10,5784.305
1768186854,R_10,5784.11
1768186856,R_10,5784.135
1768186858,R_10,5784.356
1768186860,R_10,5784.516
1768186862,R_10,5784.437
1768186864,R_10,5784.49
1768186866,R_10,5784.566
1768186868,R_10,5784.533
1768186870,R_10,5784.502
1768186872,R_10,5784.448
1768186874,R_10,5784.469
1768186876,R_10,5784.436
1768186878,R_10,5784.641
1768186880,R_10,5784.842
1768186882,R_10,5785.042
1768186884,R_10,5784.78
1768186886,R_10,5785.034
1768186888,R_10,5784.976
1768186890,R_10,5785.063
1768186892,R_10,5785.11
1768186894,R_10,5784.834
1768186896,R_10,5784.652
1768186898,R_10,5784.789
1768186900,R_10,5784.932
1768186902,R_10,5784.937
1768186904,R_10,5784.85
1768186906,R_10,5784.792
1768186908,R_10,5784.864
1768186910,R_10,5784.738
1768186912,R_10,5784.597
1768186914,R_10,5784.843
1768186916,R_10,5784.88
1768186918,R_10,5785.01
1768186920,R_10,5784.65
1768186922,R_10,5784.539
1768186924,R_10,5784.702
1768186926,R_10,5784.674
1768186928,R_10,5784.712
1768186930,R_10,5784.652
1768186932,R_10,5784.511
1768186934,R_10,5784.769
1768186936,R_10,5784.843
1768186938,R_10,5784.946
1768186940,R_10,5785.07
1768186942,R_10,5784.923
1768186944,R_10,5784.845
1768186946,R_10,5784.873
1768186948,R_10,5784.799
1768186950,R_10,5784.876
1768186952,R_10,5784.828
1768186954,R_10,5784.798
1768186956,R_10,5784.973
1768186958,R_10,5785.331
1768186960,R_10,5785.323
1768186962,R_10,5785.388
1768186964,R_10,5785.257
1768186966,R_10,5785.138
1768186968,R_10,5785.069
1768186970,R_10,5785.145
1768186972,R_10,5785.319
1768186974,R_10,5785.401
1768186976,R_10,5785.5
1768186978,R_10,5785.348
1768186980,R_10,5785.309
1768186982,R_10,5785.324
1768186984,R_10,5785.514
1768186986,R_10,5785.47
1768186988,R_10,5785.523
1768186990,R_10,5785.304
1768186992,R_10,5785.072
1768186994,R_10,5785.027
1768186996,R_10,5785.126
1768186998,R_10,5785.217
1768187000,R_10,5785.118
1768187002,R_10,5785.279
1768187004,R_10,5785.268
1768187006,R_10,5785.104
1768187008,R_10,5785.142
1768187010,R_10,5785.274
1768187012,R_10,5785.077
1768187014,R_10,5784.99
1768187016,R_10,5785.023
1768187018,R_10,5785.07
1768187020,R_10,5785.154
1768187022,R_10,5785.234
1768187024,R_10,5785.413
1768187026,R_10,5785.532
1768187028,R_10,5785.421
1768187030,R_10,5785.391
1768187032,R_10,5785.382
1768187034,R_10,5785.22
1768187036,R_10,5785.281
1768187038,R_10,5785.299
1768187040,R_10,5785.439
1768187042,R_10,5785.453
1768187044,R_10,5785.236
1768187046,R_10,5785.283
1768187048,R_10,5785.159
1768187050,R_10,5785.193
1768187052,R_10,5785.038
1768187054,R_10,5785.037
1768187056,R_10,5784.68
1768187058,R_10,5784.626
1768187060,R_10,5784.655
1768187062,R_10,5784.567
1768187064,R_10,5784.663
1768187066,R_10,5784.685
1768187068,R_10,5784.997
1768187070,R_10,5785.099
1768187072,R_10,5785.079
1768187074,R_10,5785.186
1768187076,R_10,5785.197
1768187078,R_10,5785.235
1768187080,R_10,5785.378
1768187082,R_10,5785.335
1768187084,R_10,5785.263
1768187086,R_10,5785.321
1768187088,R_10,5785.383
1768187090,R_10,5785.305
1768187092,R_10,5785.428
1768187094,R_10,5785.436
1768187096,R_10,5785.519
1768187098,R_10,5785.389
1768187100,R_10,5785.595
1768187102,R_10,5785.843
1768187104,R_10,5785.726
1768187106,R_10,5785.682
1768187108,R_10,5785.748
1768187110,R_10,5785.818
1768187112,R_10,5785.795
1768187114,R_10,5785.709
1768187116,R_10,5785.724
1768187118,R_10,5785.664
1768187120,R_10,5785.952
1768187122,R_10,5785.968
1768187124,R_10,5785.879
1768187126,R_10,5785.712
1768187128,R_10,5785.92
1768187130,R_10,5785.966
1768187132,R_10,5785.792
1768187134,R_10,5785.938
1768187136,R_10,5785.959
1768187138,R_10,5785.845
1768187140,R_10,5785.848
1768187142,R_10,5786.08
1768187144,R_10,5786.514
1768187146,R_10,5786.52
1768187148,R_10,5786.539
1768187150,R_10,5786.718
1768187152,R_10,5786.745
1768187154,R_10,5786.706
1768187156,R_10,5786.901
1768187158,R_10,5786.88
1768187160,R_10,5786.901
1768187162,R_10,5786.884
1768187164,R_10,5786.743
1768187166,R_10,5786.614
1768187168,R_10,5786.602
1768187170,R_10,5786.446
1768187172,R_10,5786.517
1768187174,R_10,5786.311
1768187176,R_10,5786.186
1768187178,R_10,5786.338
1768187180,R_10,5786.504
1768187182,R_10,5786.107
1768187184,R_10,5786.129
1768187186,R_10,5786.181
1768187188,R_10,5786.291
1768187190,R_10,5786.324
1768187192,R_10,5786.253
1768187194,R_10,5786.473
1768187196,R_10,5786.715
1768187198,R_10,5786.773
1768187200,R_10,5786.637
1768187202,R_10,5786.75
1768187204,R_10,5786.864
1768187206,R_10,5786.965
1768187208,R_10,5787.006
1768187210,R_10,5786.873
1768187212,R_10,5786.76
1768187214,R_10,5786.988
1768187216,R_10,5786.968
1768187218,R_10,5787.142
1768187220,R_10,5787.093
1768187222,R_10,5787.398
1768187224,R_10,5787.427
1768187226,R_10,5787.455
1768187228,R_10,5787.506
1768187230,R_10,5787.403
1768187232,R_10,5787.516
1768187234,R_10,5787.667
1768187236,R_10,5788.041
1768187238,R_10,5787.996
1768187240,R_10,5788.099
1768187242,R_10,5788.404
1768187244,R_10,5788.468
1768187246,R_10,5788.517
1768187248,R_10,5788.564
1768187250,R_10,5788.561
1768187252,R_10,5788.549
1768187254,R_10,5788.508
1768187256,R_10,5788.432
1768187258,R_10,5788.627
1768187260,R_10,5788.406
1768187262,R_10,5788.36
1768187264,R_10,5788.331
1768187266,R_10,5788.431
1768187268,R_10,5788.577
1768187270,R_10,5788.635
1768187272,R_10,5788.679
1768187274,R_10,5788.613
1768187276,R_10,5788.583
1768187278,R_10,5788.511
1768187280,R_10,5788.366
1768187282,R_10,5788.435
1768187284,R_10,5788.697
1768187286,R_10,5788.483
1768187288,R_10,5788.45
1768187290,R_10,5788.196
1768187292,R_10,5788.104
1768187294,R_10,5788.392
1768187296,R_10,5788.296
1768187298,R_10,5788.258
1768187300,R_10,5788.377
1768187302,R_10,5788.32
1768187304,R_10,5788.327
1768187306,R_10,5788.347
1768187308,R_10,5788.125
1768187310,R_10,5788.08
1768187312,R_10,5788.299
1768187314,R_10,5788.124
1768187316,R_10,5787.911
1768187318,R_10,5787.808
1768187320,R_10,5787.769
1768187322,R_10,5787.963
1768187324,R_10,5788.05
1768187326,R_10,5787.921
1768187328,R_10,5787.568
1768187330,R_10,5787.814
1768187332,R_10,5787.72
1768187334,R_10,5787.632
1768187336,R_10,5787.745
1768187338,R_10,5787.606
1768187340,R_10,5787.607
1768187342,R_10,5787.691
1768187344,R_10,5787.803
1768187346,R_10,5787.61
1768187348,R_10,5787.454
1768187350,R_10,5787.506
1768187352,R_10,5787.327
1768187354,R_10,5787.23
1768187356,R_10,5787.064
1768187358,R_10,5786.913
1768187360,R_10,5787.248
1768187362,R_10,5787.155
1768187364,R_10,5787.109
1768187366,R_10,5787.074
1768187368,R_10,5787.095
1768187370,R_10,5786.929
1768187372,R_10,5786.696
1768187374,R_10,5786.704
1768187376,R_10,5786.655
1768187378,R_10,5786.707
1768187380,R_10,5786.868
1768187382,R_10,5786.963
1768187384,R_10,5786.811
1768187386,R_10,5786.566
1768187388,R_10,5786.509
1768187390,R_10,5786.508
1768187392,R_10,5786.502
1768187394,R_10,5786.856
1768187396,R_10,5786.882
1768187398,R_10,5786.755
1768187400,R_10,5786.407
1768187402,R_10,5786.347
1768187404,R_10,5786.539
1768187406,R_10,5786.488
1768187408,R_10,5786.754
1768187410,R_10,5786.609
1768187412,R_10,5786.761
1768187414,R_10,5786.471
1768187416,R_10,5786.638
1768187418,R_10,5786.553
1768187420,R_10,5786.442
1768187422,R_10,5786.083
1768187424,R_10,5786.082
1768187426,R_10,5785.927
1768187428,R_10,5786.08
1768187430,R_10,5786.278
1768187432,R_10,5786.122
1768187434,R_10,5785.882
1768187436,R_10,5786.054
1768187438,R_10,5786.052
1768187440,R_10,5786.077
1768187442,R_10,5786.216
1768187444,R_10,5786.266
1768187446,R_10,5786.134
1768187448,R_10,5786.273
1768187450,R_10,5786.268
1768187452,R_10,5786.152
1768187454,R_10,5786.216
1768187456,R_10,5786.111
1768187458,R_10,5786.293
1768187460,R_10,5786.322
1768187462,R_10,5786.297
1768187464,R_10,5786.347
1768187466,R_10,5786.308
1768187468,R_10,5786.539
1768187470,R_10,5786.436
1768187472,R_10,5786.396
1768187474,R_10,5786.448
1768187476,R_10,5786.496
1768187478,R_10,5786.486
1768187480,R_10,5786.599
1768187482,R_10,5786.619
1768187484,R_10,5786.629
1768187486,R_10,5786.616
1768187488,R_10,5786.479
1768187490,R_10,5786.573
1768187492,R_10,5786.788
1768187494,R_10,5786.919
1768187496,R_10,5786.557
1768187498,R_10,5786.597
1768187500,R_10,5786.569
1768187502,R_10,5786.381
1768187504,R_10,5786.45
1768187506,R_10,5786.446
1768187508,R_10,5786.538
1768187510,R_10,5786.423
1768187512,R_10,5786.399
1768187514,R_10,5786.572
1768187516,R_10,5786.415
1768187518,R_10,5786.489
1768187520,R_10,5786.403
1768187522,R_10,5786.318
1768187524,R_10,5786.243
1768187526,R_10,5786.144
1768187528,R_10,5786.027
1768187530,R_10,5785.807
1768187532,R_10,5786.122
1768187534,R_10,5786.002
1768187536,R_10,5785.928
1768187538,R_10,5785.723
1768187540,R_10,5785.704
1768187542,R_10,5785.832
1768187544,R_10,5785.856
1768187546,R_10,5786.052
1768187548,R_10,5786.012
1768187550,R_10,5785.871
1768187552,R_10,5786.016
1768187554,R_10,5786.053
1768187556,R_10,5786.089
1768187558,R_10,5785.949
1768187560,R_10,5785.693
1768187562,R_10,5785.828
1768187564,R_10,5785.664
1768187566,R_10,5785.68
1768187568,R_10,5785.452
1768187570,R_10,5785.498
1768187572,R_10,5785.919
1768187574,R_10,5785.742
1768187576,R_10,5785.751
1768187578,R_10,5785.787
1768187580,R_10,5785.991
1768187582,R_10,5786.069
1768187584,R_10,5786.041
1768187586,R_10,5786.029
1768187588,R_10,5785.937
1768187590,R_10,5785.954
1768187592,R_10,5785.894
1768187594,R_10,5785.878
1768187596,R_10,5785.762
1768187598,R_10,5785.58
1768187600,R_10,5785.575
1768187602,R_10,5785.54
1768187604,R_10,5785.447
1768187606,R_10,5785.612
1768187608,R_10,5785.7
1768187610,R_10,5785.708
1768187612,R_10,5785.823
1768187614,R_10,5785.847
1768187616,R_10,5785.845
1768187618,R_10,5785.944
1768187620,R_10,5786.021
1768187622,R_10,5785.915
1768187624,R_10,5786.265
1768187626,R_10,5786.345
1768187628,R_10,5786.561
1768187630,R_10,5786.513
1768187632,R_10,5786.682
1768187634,R_10,5786.556
1768187636,R_10,5786.69
1768187638,R_10,5786.547
1768187640,R_10,5786.615
1768187642,R_10,5786.563
1768187644,R_10,5786.538
1768187646,R_10,5786.578
1768187648,R_10,5786.638
1768187650,R_10,5786.882
1768187652,R_10,5787.047
1768187654,R_10,5787.091
1768187656,R_10,5787.208
1768187658,R_10,5787.257
1768187660,R_10,5787.22
1768187662,R_10,5787.29
1768187664,R_10,5787.452
1768187666,R_10,5787.457
1768187668,R_10,5787.367
1768187670,R_10,5787.386
1768187672,R_10,5787.207
1768187674,R_10,5787.594
1768187676,R_10,5787.532
1768187678,R_10,5787.638
1768187680,R_10,5787.835
1768187682,R_10,5788.267
1768187684,R_10,5788.315
1768187686,R_10,5788.28
1768187688,R_10,5787.764
1768187690,R_10,5787.831
1768187692,R_10,5787.777
1768187694,R_10,5787.832
1768187696,R_10,5787.863
1768187698,R_10,5787.88
1768187700,R_10,5788.107
1768187702,R_10,5787.971
1768187704,R_10,5787.755
1768187706,R_10,5787.908
1768187708,R_10,5787.923
1768187710,R_10,5787.889
1768187712,R_10,5788.222
1768187714,R_10,5788.15
1768187716,R_10,5788.25
1768187718,R_10,5788.287
1768187720,R_10,5788.247
1768187722,R_10,5788.375
1768187724,R_10,5788.42
1768187726,R_10,5788.577
1768187728,R_10,5788.795
1768187730,R_10,5788.797
1768187732,R_10,5788.824
1768187734,R_10,5788.537
1768187736,R_10,5788.097
1768187738,R_10,5788.099
1768187740,R_10,5788.115
1768187742,R_10,5788.236
1768187744,R_10,5788.177
1768187746,R_10,5788.33
1768187748,R_10,5788.414
1768187750,R_10,5788.277
1768187752,R_10,5788.083
1768187754,R_10,5788.037
1768187756,R_10,5788.272
1768187758,R_10,5788.384
1768187760,R_10,5788.258
1768187762,R_10,5788.333
1768187764,R_10,5788.349
1768187766,R_10,5788.535
1768187768,R_10,5788.497
1768187770,R_10,5788.659
1768187772,R_10,5788.881
1768187774,R_10,5788.829
1768187776,R_10,5788.826
1768187778,R_10,5788.975
1768187780,R_10,5789.352
1768187782,R_10,5789.556
1768187784,R_10,5789.661
1768187786,R_10,5789.597
1768187788,R_10,5789.354
1768187790,R_10,5789.396
1768187792,R_10,5789.338
1768187794,R_10,5789.386
1768187796,R_10,5789.342
1768187798,R_10,5789.465
1768187800,R_10,5789.214
1768187802,R_10,5789.467
1768187804,R_10,5789.458
1768187806,R_10,5789.415
1768187808,R_10,5789.737
1768187810,R_10,5789.622
1768187812,R_10,5789.669
1768187814,R_10,5789.809
1768187816,R_10,5789.615
1768187818,R_10,5789.61
1768187820,R_10,5789.36
1768187822,R_10,5789.503
1768187824,R_10,5789.487
1768187826,R_10,5789.66
1768187828,R_10,5789.934
1768187830,R_10,5789.565
1768187832,R_10,5789.692
1768187834,R_10,5789.647
1768187836,R_10,5789.594
1768187838,R_10,5789.722
1768187840,R_10,5789.93
1768187842,R_10,5789.607
1768187844,R_10,5789.724
1768187846,R_10,5789.682
1768187848,R_10,5789.708
1768187850,R_10,5789.883
1768187852,R_10,5789.902
1768187854,R_10,5790.003
1768187856,R_10,5790.092
1768187858,R_10,5790.118
1768187860,R_10,5789.969
1768187862,R_10,5789.899
1768187864,R_10,5789.872
1768187866,R_10,5789.786
1768187868,R_10,5789.876
1768187870,R_10,5789.862
1768187872,R_10,5790.084
1768187874,R_10,5789.948
1768187876,R_10,5790.14
1768187878,R_10,5789.953
1768187880,R_10,5789.901
1768187882,R_10,5790.013
1768187884,R_10,5789.946
1768187886,R_10,5790.11
1768187888,R_10,5790.207
1768187890,R_10,5790.014
1768187892,R_10,5789.833
1768187894,R_10,5789.623
1768187896,R_10,5789.627
1768187898,R_10,5789.505
1768187900,R_10,5789.294
1768187902,R_10,5789.442
1768187904,R_10,5789.466
1768187906,R_10,5789.549
1768187908,R_10,5789.838
1768187910,R_10,5789.799
1768187912,R_10,5789.732
1768187914,R_10,5789.687
1768187916,R_10,5789.612
1768187918,R_10,5789.664
1768187920,R_10,5789.54
1768187922,R_10,5789.685
1768187924,R_10,5789.791
1768187926,R_10,5789.831
1768187928,R_10,5789.903
1768187930,R_10,5789.855
1768187932,R_10,5789.625
1768187934,R_10,5789.548
1768187936,R_10,5789.402
1768187938,R_10,5789.229
1768187940,R_10,5788.871
1768187942,R_10,5788.805
1768187944,R_10,5788.788
1768187946,R_10,5788.81
1768187948,R_10,5788.543
1768187950,R_10,5788.44
1768187952,R_10,5788.735
1768187954,R_10,5788.683
1768187956,R_10,5788.524
1768187958,R_10,5788.486
1768187960,R_10,5788.703
1768187962,R_10,5788.688
1768187964,R_10,5788.912
1768187966,R_10,5788.986
1768187968,R_10,5789.219
1768187970,R_10,5789.216
1768187972,R_10,5789.415
1768187974,R_10,5789.315
1768187976,R_10,5789.273
1768187978,R_10,5789.348
1768187980,R_10,5789.371
1768187982,R_10,5789.49
1768187984,R_10,5789.452
1768187986,R_10,5789.315
1768187988,R_10,5789.466
1768187990,R_10,5789.109
1768187992,R_10,5789.079
1768187994,R_10,5789.406
1768187996,R_10,5789.566
1768187998,R_10,5789.544
1768188000,R_10,5789.494
1768188002,R_10,5789.254
1768188004,R_10,5789.414
1768188006,R_10,5789.519
1768188008,R_10,5789.231
1768188010,R_10,5789.056
1768188012,R_10,5789.02
1768188014,R_10,5788.895
1768188016,R_10,5788.937
1768188018,R_10,5789.049
1768188020,R_10,5789.214
1768188022,R_10,5789.339
1768188024,R_10,5789.237
1768188026,R_10,5789.144
1768188028,R_10,5789.19
1768188030,R_10,5789.083
1768188032,R_10,5788.98
1768188034,R_10,5788.877
1768188036,R_10,5788.685
1768188038,R_10,5788.815
1768188040,R_10,5788.781
1768188042,R_10,5788.597
1768188044,R_10,5788.695
1768188046,R_10,5788.462
1768188048,R_10,5788.358
1768188050,R_10,5788.484
1768188052,R_10,5788.415
1768188054,R_10,5788.383
1768188056,R_10,5788.542
1768188058,R_10,5788.362
1768188060,R_10,5788.337
1768188062,R_10,5788.225
1768188064,R_10,5788.206
1768188066,R_10,5788.248
1768188068,R_10,5788.191
1768188070,R_10,5788.523
1768188072,R_10,5788.389
1768188074,R_10,5788.378
1768188076,R_10,5788.186
1768188078,R_10,5788.124
1768188080,R_10,5788.241
1768188082,R_10,5788.268
1768188084,R_10,5788.086
1768188086,R_10,5788.122
1768188088,R_10,5788.148
1768188090,R_10,5788.188
1768188092,R_10,5788.212
1768188094,R_10,5788.105
1768188096,R_10,5788.466
1768188098,R_10,5788.435
1768188100,R_10,5788.538
1768188102,R_10,5788.677
1768188104,R_10,5788.878
1768188106,R_10,5788.723
1768188108,R_10,5788.54
1768188110,R_10,5788.543
1768188112,R_10,5788.466
1768188114,R_10,5788.58
1768188116,R_10,5788.914
1768188118,R_10,5788.896
1768188120,R_10,5788.876
1768188122,R_10,5789.014
1768188124,R_10,5789.085
1768188126,R_10,5789.057
1768188128,R_10,5789.043
1768188130,R_10,5789.08
1768188132,R_10,5789.376
1768188134,R_10,5789.168
1768188136,R_10,5789.269
1768188138,R_10,5789.282
1768188140,R_10,5789.186
1768188142,R_10,5789.167
1768188144,R_10,5789.226
1768188146,R_10,5789.111
1768188148,R_10,5789.497
1768188150,R_10,5789.213
1768188152,R_10,5789.549
1768188154,R_10,5789.441
1768188156,R_10,5789.687
1768188158,R_10,5789.668
1768188160,R_10,5789.629
1768188162,R_10,5789.609
1768188164,R_10,5789.44
1768188166,R_10,5789.269
1768188168,R_10,5789.121
1768188170,R_10,5789.234
1768188172,R_10,5789.253
1768188174,R_10,5789.208
1768188176,R_10,5788.936
1768188178,R_10,5788.904
1768188180,R_10,5789.08
1768188182,R_10,5789.335
1768188184,R_10,5789.454
1768188186,R_10,5789.604
1768188188,R_10,5789.591
1768188190,R_10,5789.661
1768188192,R_10,5789.458
1768188194,R_10,5789.624
1768188196,R_10,5789.703
1768188198,R_10,5789.706
1768188200,R_10,5789.328
1768188202,R_10,5789.223
1768188204,R_10,5789.362
1768188206,R_10,5789.14
1768188208,R_10,5789.122
1768188210,R_10,5789.063
1768188212,R_10,5788.789
1768188214,R_10,5788.705
1768188216,R_10,5788.495
1768188218,R_10,5788.499
1768188220,R_10,5788.377
1768188222,R_10,5788.484
1768188224,R_10,5788.245
1768188226,R_10,5788.29
1768188228,R_10,5788.339
1768188230,R_10,5788.318
1768188232,R_10,5788.307
1768188234,R_10,5788.23
1768188236,R_10,5788.522
1768188238,R_10,5788.552
1768188240,R_10,5788.505
1768188242,R_10,5788.465
1768188244,R_10,5788.718
1768188246,R_10,5788.926
1768188248,R_10,5788.822
1768188250,R_10,5788.899
1768188252,R_10,5788.919
1768188254,R_10,5788.903
1768188256,R_10,5789.024
1768188258,R_10,5788.873
1768188260,R_10,5789.063
1768188262,R_10,5789.213
1768188264,R_10,5789.142
1768188266,R_10,5789.153
1768188268,R_10,5789.43
1768188270,R_10,5789.296
1768188272,R_10,5789.573
1768188274,R_10,5789.679
1768188276,R_10,5789.726
1768188278,R_10,5789.597
1768188280,R_10,5789.805
1768188282,R_10,5789.741
1768188284,R_10,5789.696
1768188286,R_10,5789.437
1768188288,R_10,5789.169
1768188290,R_10,5789.199
1768188292,R_10,5789.217
1768188294,R_10,5789.203
1768188296,R_10,5789.281
1768188298,R_10,5789.098
1768188300,R_10,5789.202
1768188302,R_10,5789.55
1768188304,R_10,5789.393
1768188306,R_10,5789.186
1768188308,R_10,5789.147
1768188310,R_10,5789.154
1768188312,R_10,5789.345
1768188314,R_10,5789.383
1768188316,R_10,5789.537
1768188318,R_10,5789.612
1768188320,R_10,5789.689
1768188322,R_10,5789.65
1768188324,R_10,5789.644
1768188326,R_10,5789.434
1768188328,R_10,5789.26
1768188330,R_10,5789.137
1768188332,R_10,5789.114
1768188334,R_10,5789.095
1768188336,R_10,5789.279
1768188338,R_10,5789.46
1768188340,R_10,5789.263
1768188342,R_10,5789.196
1768188344,R_10,5789.21
1768188346,R_10,5789.167
1768188348,R_10,5789.191
1768188350,R_10,5789.472
1768188352,R_10,5789.5
1768188354,R_10,5789.404
1768188356,R_10,5789.237
1768188358,R_10,5789.146
1768188360,R_10,5789.168
1768188362,R_10,5789.122
1768188364,R_10,5788.809
1768188366,R_10,5789.071
1768188368,R_10,5788.949
1768188370,R_10,5789.018
1768188372,R_10,5788.786
1768188374,R_10,5788.719
1768188376,R_10,5788.855
1768188378,R_10,5788.929
1768188380,R_10,5788.881
1768188382,R_10,5788.979
1768188384,R_10,5789
1768188386,R_10,5788.969
1768188388,R_10,5789.063
1768188390,R_10,5789.126
1768188392,R_10,5789.435
1768188394,R_10,5789.252
1768188396,R_10,5789.36
1768188398,R_10,5789.409
1768188400,R_10,5789.238
1768188402,R_10,5789.228
1768188404,R_10,5789.251
1768188406,R_10,5789.005
1768188408,R_10,5789.163
1768188410,R_10,5789.298
1768188412,R_10,5789.152
1768188414,R_10,5788.928
1768188416,R_10,5789.061
1768188418,R_10,5789.001
1768188420,R_10,5788.814
1768188422,R_10,5788.755
1768188424,R_10,5788.722
1768188426,R_10,5788.562
1768188428,R_10,5788.479
1768188430,R_10,5788.639
1768188432,R_10,5788.637
1768188434,R_10,5788.34
1768188436,R_10,5788.54
1768188438,R_10,5788.395
1768188440,R_10,5788.519
1768188442,R_10,5788.603
1768188444,R_10,5788.365
1768188446,R_10,5788.546
1768188448,R_10,5788.552
1768188450,R_10,5788.654
1768188452,R_10,5788.788
1768188454,R_10,5788.742
1768188456,R_10,5788.859
1768188458,R_10,5788.943
1768188460,R_10,5789.242
1768188462,R_10,5789.034
1768188464,R_10,5788.899
1768188466,R_10,5788.89
1768188468,R_10,5788.718
1768188470,R_10,5788.686
1768188472,R_10,5788.756
1768188474,R_10,5788.548
1768188476,R_10,5788.338
1768188478,R_10,5788.329
1768188480,R_10,5788.196
1768188482,R_10,5788.149
1768188484,R_10,5787.915
1768188486,R_10,5787.495
1768188488,R_10,5787.32
1768188490,R_10,5787.205
1768188492,R_10,5787.172
1768188494,R_10,5787.288
1768188496,R_10,5787
1768188498,R_10,5786.815
1768188500,R_10,5787.03
1768188502,R_10,5787.089
1768188504,R_10,5787.102
1768188506,R_10,5786.945
1768188508,R_10,5787.056
1768188510,R_10,5787.116
1768188512,R_10,5787.208
1768188514,R_10,5787.175
1768188516,R_10,5786.762
1768188518,R_10,5786.944
1768188520,R_10,5786.892
1768188522,R_10,5786.825
1768188524,R_10,5786.809
1768188526,R_10,5786.73
1768188528,R_10,5786.579
1768188530,R_10,5786.478
1768188532,R_10,5786.312
1768188534,R_10,5786.218
1768188536,R_10,5786.375
1768188538,R_10,5786.298
1768188540,R_10,5786.277
1768188542,R_10,5786.163
1768188544,R_10,5786.433
1768188546,R_10,5786.256
1768188548,R_10,5786.139
1768188550,R_10,5786.303
1768188552,R_10,5786.375
1768188554,R_10,5786.421
1768188556,R_10,5786.359
1768188558,R_10,5786.388
1768188560,R_10,5786.811
1768188562,R_10,5786.971
1768188564,R_10,5786.995
1768188566,R_10,5787.152
1768188568,R_10,5787.232
1768188570,R_10,5787.009
1768188572,R_10,5786.943
1768188574,R_10,5786.932
1768188576,R_10,5786.794
1768188578,R_10,5786.913
1768188580,R_10,5786.866
1768188582,R_10,5786.839
1768188584,R_10,5786.994
1768188586,R_10,5786.879
1768188588,R_10,5786.994
1768188590,R_10,5787.191
1768188592,R_10,5787.293
1768188594,R_10,5787.304
1768188596,R_10,5787.464
1768188598,R_10,5787.469
1768188600,R_10,5787.449
1768188602,R_10,5787.509
1768188604,R_10,5787.654
1768188606,R_10,5787.701
1768188608,R_10,5787.697
1768188610,R_10,5787.878
1768188612,R_10,5787.826
1768188614,R_10,5787.796
1768188616,R_10,5787.479
1768188618,R_10,5787.302
1768188620,R_10,5787.37
1768188622,R_10,5787.193
1768188624,R_10,5787.494
1768188626,R_10,5787.32
1768188628,R_10,5787.44
1768188630,R_10,5787.39
1768188632,R_10,5787.388
1768188634,R_10,5787.43
1768188636,R_10,5787.484
1768188638,R_10,5787.68
1768188640,R_10,5787.687
1768188642,R_10,5787.692
1768188644,R_10,5787.744
1768188646,R_10,5787.732
1768188648,R_10,5787.781
1768188650,R_10,5787.679
1768188652,R_10,5787.608
1768188654,R_10,5787.593
1768188656,R_10,5787.54
1768188658,R_10,5787.609
1768188660,R_10,5787.446
1768188662,R_10,5787.199
1768188664,R_10,5787.137
1768188666,R_10,5787.234
1768188668,R_10,5787.446
1768188670,R_10,5787.345
1768188672,R_10,5787.379
1768188674,R_10,5787.296
1768188676,R_10,5787.347
1768188678,R_10,5787.309
1768188680,R_10,5787.265
1768188682,R_10,5787.183
1768188684,R_10,5787.104
1768188686,R_10,5787.126
1768188688,R_10,5787.313
1768188690,R_10,5787.095
1768188692,R_10,5787.291
1768188694,R_10,5787.222
1768188696,R_10,5787.247
1768188698,R_10,5787.156
1768188700,R_10,5787.223
1768188702,R_10,5787.229
1768188704,R_10,5787.199
1768188706,R_10,5787.115
1768188708,R_10,5787.151
1768188710,R_10,5787.192
1768188712,R_10,5787.213
1768188714,R_10,5787.176
1768188716,R_10,5787.072
1768188718,R_10,5787.01
1768188720,R_10,5786.599
1768188722,R_10,5786.629
1768188724,R_10,5786.734
1768188726,R_10,5787.007
1768188728,R_10,5787.06
1768188730,R_10,5786.993
1768188732,R_10,5787.017
1768188734,R_10,5787.137
1768188736,R_10,5787.211
1768188738,R_10,5787.528
1768188740,R_10,5787.259
1768188742,R_10,5787.103
1768188744,R_10,5786.951
1768188746,R_10,5787.067
1768188748,R_10,5787.067
1768188750,R_10,5787.33
1768188752,R_10,5787.407
1768188754,R_10,5787.525
1768188756,R_10,5787.745
1768188758,R_10,5787.788
1768188760,R_10,5787.489
1768188762,R_10,5787.523
1768188764,R_10,5787.63
1768188766,R_10,5787.668
1768188768,R_10,5787.322
1768188770,R_10,5787.487
1768188772,R_10,5787.38
1768188774,R_10,5787.447
1768188776,R_10,5787.294
1768188778,R_10,5787.411
1768188780,R_10,5787.385
1768188782,R_10,5787.533
1768188784,R_10,5787.596
1768188786,R_10,5787.573
1768188788,R_10,5787.641
1768188790,R_10,5787.663
1768188792,R_10,5787.533
1768188794,R_10,5787.626
1768188796,R_10,5787.61
1768188798,R_10,5787.537
1768188800,R_10,5787.603
1768188802,R_10,5787.634
1768188804,R_10,5787.739
1768188806,R_10,5787.743
1768188808,R_10,5787.471
1768188810,R_10,5787.46
1768188812,R_10,5787.288
1768188814,R_10,5787.096
1768188816,R_10,5787.042
1768188818,R_10,5786.91
1768188820,R_10,5786.808
1768188822,R_10,5786.634
1768188824,R_10,5786.769
1768188826,R_10,5786.932
1768188828,R_10,5786.87
1768188830,R_10,5786.89
1768188832,R_10,5786.885
1768188834,R_10,5786.921
1768188836,R_10,5787.017
1768188838,R_10,5786.96
1768188840,R_10,5786.925
1768188842,R_10,5786.783
1768188844,R_10,5786.812
1768188846,R_10,5787.115
1768188848,R_10,5786.942
1768188850,R_10,5786.818
1768188852,R_10,5787.003
1768188854,R_10,5787.033
1768188856,R_10,5786.863
1768188858,R_10,5786.895
1768188860,R_10,5787.028
1768188862,R_10,5787.111
1768188864,R_10,5787.081
1768188866,R_10,5787.284
1768188868,R_10,5787.158
1768188870,R_10,5787.203
1768188872,R_10,5787.128
1768188874,R_10,5787.407
1768188876,R_10,5787.426
1768188878,R_10,5787.459
1768188880,R_10,5787.366
1768188882,R_10,5787.399
1768188884,R_10,5787.285
1768188886,R_10,5787.523
1768188888,R_10,5787.587
1768188890,R_10,5787.456
1768188892,R_10,5787.304
1768188894,R_10,5787.421
1768188896,R_10,5787.629
1768188898,R_10,5787.768
1768188900,R_10,5787.865
1768188902,R_10,5787.854
1768188904,R_10,5788.119
1768188906,R_10,5788.495
1768188908,R_10,5788.39
1768188910,R_10,5788.411
1768188912,R_10,5788.179
1768188914,R_10,5788.11
1768188916,R_10,5787.936
1768188918,R_10,5787.805
1768188920,R_10,5787.784
1768188922,R_10,5787.912
1768188924,R_10,5788.087
1768188926,R_10,5787.956
1768188928,R_10,5788.222
1768188930,R_10,5788.397
1768188932,R_10,5788.245
1768188934,R_10,5788.272
1768188936,R_10,5788.355
1768188938,R_10,5788.513
1768188940,R_10,5788.798
1768188942,R_10,5788.972
1768188944,R_10,5789.082
1768188946,R_10,5788.823
1768188948,R_10,5788.795
1768188950,R_10,5788.93
1768188952,R_10,5789.21
1768188954,R_10,5789.133
1768188956,R_10,5788.917
1768188958,R_10,5788.885
1768188960,R_10,5788.721
1768188962,R_10,5788.524
1768188964,R_10,5788.553
1768188966,R_10,5788.574
1768188968,R_10,5788.788
1768188970,R_10,5788.547
1768188972,R_10,5788.313
1768188974,R_10,5788.014
1768188976,R_10,5788.102
1768188978,R_10,5787.937
1768188980,R_10,5787.763
1768188982,R_10,5787.484
1768188984,R_10,5787.264
1768188986,R_10,5787.436
1768188988,R_10,5787.481
1768188990,R_10,5787.082
1768188992,R_10,5787.303
1768188994,R_10,5787.418
1768188996,R_10,5787.546
1768188998,R_10,5787.445
1768189000,R_10,5787.574
1768189002,R_10,5787.69
1768189004,R_10,5787.772
1768189006,R_10,5787.469
1768189008,R_10,5787.409
1768189010,R_10,5787.499
1768189012,R_10,5787.579
1768189014,R_10,5787.569
1768189016,R_10,5787.711
1768189018,R_10,5787.76
1768189020,R_10,5787.99
1768189022,R_10,5788.244
1768189024,R_10,5788.394
1768189026,R_10,5788.294
1768189028,R_10,5788.133
1768189030,R_10,5788.277
1768189032,R_10,5788.535
1768189034,R_10,5788.575
1768189036,R_10,5788.426
1768189038,R_10,5788.538
1768189040,R_10,5788.507
1768189042,R_10,5788.43
1768189044,R_10,5788.169
1768189046,R_10,5788.29
1768189048,R_10,5788.218
1768189050,R_10,5788.287
1768189052,R_10,5788.482
1768189054,R_10,5788.395
1768189056,R_10,5788.594
1768189058,R_10,5788.757
1768189060,R_10,5788.721
1768189062,R_10,5788.605
1768189064,R_10,5788.531
1768189066,R_10,5788.412
1768189068,R_10,5788.077
1768189070,R_10,5788.069
1768189072,R_10,5788.037
1768189074,R_10,5787.924
1768189076,R_10,5787.726
1768189078,R_10,5787.759
1768189080,R_10,5787.94
1768189082,R_10,5788.087
1768189084,R_10,5788.036
1768189086,R_10,5788.055
1768189088,R_10,5788.02
1768189090,R_10,5788.124
1768189092,R_10,5788.145
1768189094,R_10,5788.036
1768189096,R_10,5787.739
1768189098,R_10,5787.593
1768189100,R_10,5787.372
1768189102,R_10,5787.097
1768189104,R_10,5787.054
1768189106,R_10,5787.035
1768189108,R_10,5787.177
1768189110,R_10,5787.509
1768189112,R_10,5787.425
1768189114,R_10,5787.415
1768189116,R_10,5787.24
1768189118,R_10,5787.145
1768189120,R_10,5787.04
1768189122,R_10,5787.345
1768189124,R_10,5787.275
1768189126,R_10,5787.105
1768189128,R_10,5786.796
1768189130,R_10,5786.759
1768189132,R_10,5786.571
1768189134,R_10,5786.374
1768189136,R_10,5786.692
1768189138,R_10,5786.538
1768189140,R_10,5786.578
1768189142,R_10,5786.569
1768189144,R_10,5786.574
1768189146,R_10,5786.582
1768189148,R_10,5786.724
1768189150,R_10,5786.36
1768189152,R_10,5786.47
1768189154,R_10,5786.319
1768189156,R_10,5786.213
1768189158,R_10,5786.238
1768189160,R_10,5786.002
1768189162,R_10,5785.958
1768189164,R_10,5785.996
1768189166,R_10,5786.088
1768189168,R_10,5785.839
1768189170,R_10,5785.928
1768189172,R_10,5785.614
1768189174,R_10,5785.783
1768189176,R_10,5785.948
1768189178,R_10,5785.851
1768189180,R_10,5785.922
1768189182,R_10,5785.963
1768189184,R_10,5786.013
1768189186,R_10,5786.043
1768189188,R_10,5785.934
1768189190,R_10,5785.955
1768189192,R_10,5785.724
1768189194,R_10,5785.859
1768189196,R_10,5785.84
1768189198,R_10,5785.948
1768189200,R_10,5786.138
1768189202,R_10,5786.074
1768189204,R_10,5786.076
1768189206,R_10,5786.013
1768189208,R_10,5786.276
1768189210,R_10,5786.101
1768189212,R_10,5786.25
1768189214,R_10,5786.4
1768189216,R_10,5786.569
1768189218,R_10,5786.855
1768189220,R_10,5786.916
1768189222,R_10,5786.836
1768189224,R_10,5786.914
1768189226,R_10,5786.714
1768189228,R_10,5786.814
1768189230,R_10,5786.859
1768189232,R_10,5786.842
1768189234,R_10,5787.091
1768189236,R_10,5787.131
1768189238,R_10,5787.224
1768189240,R_10,5787.312
1768189242,R_10,5787.499
1768189244,R_10,5787.811
1768189246,R_10,5787.832
1768189248,R_10,5787.853
1768189250,R_10,5788.168
1768189252,R_10,5788.367
1768189254,R_10,5788.612
1768189256,R_10,5788.736
1768189258,R_10,5788.623
1768189260,R_10,5788.697
1768189262,R_10,5788.519
1768189264,R_10,5788.706
1768189266,R_10,5788.896
1768189268,R_10,5788.928
1768189270,R_10,5788.934
1768189272,R_10,5788.957
1768189274,R_10,5788.741
1768189276,R_10,5788.853
1768189278,R_10,5788.715
1768189280,R_10,5788.636
1768189282,R_10,5788.408
1768189284,R_10,5788.442
1768189286,R_10,5788.417
1768189288,R_10,5788.26
1768189290,R_10,5788.375
1768189292,R_10,5788.318
1768189294,R_10,5788.086
1768189296,R_10,5788.28
1768189298,R_10,5788.022
1768189300,R_10,5787.994
1768189302,R_10,5787.931
1768189304,R_10,5787.78
1768189306,R_10,5787.867
1768189308,R_10,5787.541
1768189310,R_10,5787.831
1768189312,R_10,5787.944
1768189314,R_10,5787.935
1768189316,R_10,5788.011
1768189318,R_10,5788.178
1768189320,R_10,5787.908
1768189322,R_10,5787.784
1768189324,R_10,5787.681
1768189326,R_10,5787.842
1768189328,R_10,5787.591
1768189330,R_10,5787.619
1768189332,R_10,5787.695
1768189334,R_10,5787.838
1768189336,R_10,5787.967
1768189338,R_10,5787.887
1768189340,R_10,5787.659
1768189342,R_10,5787.685
1768189344,R_10,5787.813
1768189346,R_10,5787.965
1768189348,R_10,5787.957
1768189350,R_10,5788.316
1768189352,R_10,5788.169
1768189354,R_10,5788.097
1768189356,R_10,5788.214
1768189358,R_10,5788.492
1768189360,R_10,5788.319
1768189362,R_10,5788.151
1768189364,R_10,5788.115
1768189366,R_10,5788.029
1768189368,R_10,5788.087
1768189370,R_10,5788.022
1768189372,R_10,5788.173
1768189374,R_10,5788.201
1768189376,R_10,5788.303
1768189378,R_10,5788.499
1768189380,R_10,5788.522
1768189382,R_10,5788.496
1768189384,R_10,5788.497
1768189386,R_10,5788.445
1768189388,R_10,5788.427
1768189390,R_10,5788.394
1768189392,R_10,5788.228
1768189394,R_10,5788.339
1768189396,R_10,5788.313
1768189398,R_10,5788.271
1768189400,R_10,5788.401
1768189402,R_10,5788.541
1768189404,R_10,5788.779
1768189406,R_10,5788.586
1768189408,R_10,5788.705
1768189410,R_10,5788.754
1768189412,R_10,5788.841
1768189414,R_10,5788.589
1768189416,R_10,5788.301
1768189418,R_10,5788.379
1768189420,R_10,5788.387
1768189422,R_10,5788.23
1768189424,R_10,5788.341
1768189426,R_10,5788.261
1768189428,R_10,5788.389
1768189430,R_10,5788.564
1768189432,R_10,5788.623
1768189434,R_10,5788.542
1768189436,R_10,5788.659
1768189438,R_10,5788.628
1768189440,R_10,5788.62
1768189442,R_10,5788.446
1768189444,R_10,5788.72
1768189446,R_10,5788.74
1768189448,R_10,5788.689
1768189450,R_10,5788.55
1768189452,R_10,5788.479
1768189454,R_10,5788.298
1768189456,R_10,5788.23
1768189458,R_10,5788.107
1768189460,R_10,5788.095
1768189462,R_10,5788.27
1768189464,R_10,5788.385
1768189466,R_10,5788.341
1768189468,R_10,5788.313
1768189470,R_10,5788.377
1768189472,R_10,5788.371
1768189474,R_10,5788.31
1768189476,R_10,5788.244
1768189478,R_10,5788.418
1768189480,R_10,5788.376
1768189482,R_10,5788.32
1768189484,R_10,5788.251
1768189486,R_10,5787.974
1768189488,R_10,5788.13
1768189490,R_10,5787.951
1768189492,R_10,5788.196
1768189494,R_10,5788.167
1768189496,R_10,5788.154
1768189498,R_10,5788.254
1768189500,R_10,5788.485
1768189502,R_10,5788.56
1768189504,R_10,5788.603
1768189506,R_10,5788.44
1768189508,R_10,5788.409
1768189510,R_10,5788.615
1768189512,R_10,5788.659
1768189514,R_10,5788.697
1768189516,R_10,5788.629
1768189518,R_10,5788.776
1768189520,R_10,5788.893
1768189522,R_10,5788.801
1768189524,R_10,5788.656
1768189526,R_10,5788.859
1768189528,R_10,5788.872
1768189530,R_10,5788.944
1768189532,R_10,5788.874
1768189534,R_10,5788.829
1768189536,R_10,5788.795
1768189538,R_10,5788.984
1768189540,R_10,5789.065
1768189542,R_10,5789.221
1768189544,R_10,5789.222
1768189546,R_10,5789.336
1768189548,R_10,5789.201
1768189550,R_10,5789.25
1768189552,R_10,5789.169
1768189554,R_10,5789.118
1768189556,R_10,5789.093
1768189558,R_10,5789.139
1768189560,R_10,5789.203
1768189562,R_10,5789.25
1768189564,R_10,5789.37
1768189566,R_10,5789.141
1768189568,R_10,5789.167
1768189570,R_10,5789.105
1768189572,R_10,5789.188
1768189574,R_10,5789.108
1768189576,R_10,5789.285
1768189578,R_10,5789.04
1768189580,R_10,5788.954
1768189582,R_10,5788.99
1768189584,R_10,5788.987
1768189586,R_10,5788.873
1768189588,R_10,5789.071
1768189590,R_10,5788.976
1768189592,R_10,5789.119
1768189594,R_10,5789.101
1768189596,R_10,5788.899
1768189598,R_10,5788.893
1768189600,R_10,5789.117
1768189602,R_10,5789.099
1768189604,R_10,5789.05
1768189606,R_10,5789.033
1768189608,R_10,5788.953
1768189610,R_10,5788.934
1768189612,R_10,5789.04
1768189614,R_10,5789.26
1768189616,R_10,5789.13
1768189618,R_10,5789.189
1768189620,R_10,5789.1
1768189622,R_10,5789.109
1768189624,R_10,5789.09
1768189626,R_10,5789.083
1768189628,R_10,5789.31
1768189630,R_10,5789.353
1768189632,R_10,5789.042
1768189634,R_10,5788.966
1768189636,R_10,5788.984
1768189638,R_10,5788.943
1768189640,R_10,5788.916
1768189642,R_10,5788.867
1768189644,R_10,5788.738
1768189646,R_10,5788.839
1768189648,R_10,5788.875
1768189650,R_10,5788.875
1768189652,R_10,5788.881
1768189654,R_10,5788.534
1768189656,R_10,5788.279
1768189658,R_10,5788.251
1768189660,R_10,5788.491
1768189662,R_10,5788.427
1768189664,R_10,5788.598
1768189666,R_10,5788.499
1768189668,R_10,5788.518
1768189670,R_10,5788.404
1768189672,R_10,5788.392
1768189674,R_10,5788.449
1768189676,R_10,5788.678
1768189678,R_10,5788.701
1768189680,R_10,5788.685
1768189682,R_10,5788.73
1768189684,R_10,5788.684
1768189686,R_10,5788.913
1768189688,R_10,5788.824
1768189690,R_10,5789.179
1768189692,R_10,5789.27
1768189694,R_10,5788.971
1768189696,R_10,5789.249
1768189698,R_10,5789.332
1768189700,R_10,5789.194
1768189702,R_10,5789.297
1768189704,R_10,5789.328
1768189706,R_10,5789.43
1768189708,R_10,5789.754
1768189710,R_10,5789.871
1768189712,R_10,5789.903
1768189714,R_10,5790.012
1768189716,R_10,5789.86
1768189718,R_10,5789.782
1768189720,R_10,5789.624
